time_step,station_id,is_parallel,cycle_time,queue_length,throughput,torque_nm,vibration_hz,temperature_c,equipment_wear,ambient_humidity,part_defect_risk,bottleneck_risk,defect_risk
450,1,0,48.67964264410632,3,9.319235887702442,56.21347367448155,128.6731400225496,67.06514691587468,0.4096165025338207,56.52414731219381,0.05,0,0
450,2,0,47.25152884353178,2,10.128176466376626,56.01645329336538,138.53765175898732,64.46818704570185,0.3780781782178307,56.52414731219381,0.05,0,0
450,3,0,48.116338475712425,2,8.82080417516789,48.69082562813583,129.01397001924823,68.72389595907529,0.4077688493790583,56.52414731219381,0.05,0,0
450,4,0,48.71025419113367,2,9.32044210558926,55.285395937736986,129.65886131633908,63.87903364342181,0.413611006377303,56.52414731219381,0.05,0,0
450,5,0,47.23124988320082,3,10.642583110322883,,,,0.3932764395801627,56.52414731219381,0.05,0,0
450,6,0,47.70636196131277,2,9.428748996187055,56.539287185318166,126.42039052497682,67.34478882404963,0.4263954226479465,56.52414731219381,0.05,0,0
450,7,0,48.49765170407683,4,12.945271717315864,,,,0.389166925481483,56.52414731219381,0.05,0,0
450,8,0,47.958867379502536,5,11.756359097642818,54.84353391988502,152.1422382583457,69.01235732382686,0.4169492032424423,56.52414731219381,0.05,0,0
450,9,0,49.1742499815095,1,9.9200009425608,56.83724222454868,136.86563068989014,65.77763842612735,0.436878236464036,56.52414731219381,0.05,0,0
450,10,0,48.38512241850391,0,8.46533296551439,52.93170123699319,124.50246198989336,69.44746046504419,0.399975024204152,56.52414731219381,0.05,0,0
450,11,0,47.84977474510387,1,10.654261820398323,60.9455029268031,134.32356607795649,63.60192718730594,0.4423095500643032,56.52414731219381,0.05,0,0
450,12,0,48.180685770201634,3,11.39057185087314,56.017322740728055,120.75032194033108,66.60365695306962,0.4046225130589138,56.52414731219381,0.05,0,0
450,13,0,48.3161623642382,2,9.66234216031649,,,,0.3914619355525497,56.52414731219381,0.05,0,0
450,14,0,48.390548595762034,4,8.98761926056151,48.16552412646537,132.90126000719837,66.0722098211038,0.4184165940827412,56.52414731219381,0.05,0,0
450,15,0,48.0205886735564,4,9.31118034363439,54.24232865256336,118.29163398042654,64.70782767711397,0.4045605313976826,56.52414731219381,0.05,0,0
450,16,0,47.944857262639154,3,10.348274937848956,,,,0.4179897015289071,56.52414731219381,0.05,0,0
450,17,0,47.91277302795552,2,10.76693176626049,,,,0.3956233907968722,56.52414731219381,0.05,0,0
450,18,1,48.69362418489143,1,4.717134354284895,52.706599930345895,129.37197929024563,65.8552136154112,0.3932060858851864,56.52414731219381,0.05,0,0
450,19,1,47.76460555280877,3,5.809914188103061,54.76535207616391,122.8973234624212,64.94400467915844,0.4042515301801777,56.52414731219381,0.05,0,0
450,20,0,66.30260274146133,12,9.591908696813288,,,,0.7895118011538951,56.52414731219381,0.05,1,0
450,21,0,48.62760889926838,0,0.0,50.45255506675821,128.14636118974911,65.7000516136912,0.3964818082727983,56.52414731219381,0.05,0,0
450,22,0,48.50566146880246,3,8.69834765782347,48.49959957599097,128.91787531201845,69.66943828348603,0.4081934270168869,56.52414731219381,0.05,0,0
450,23,0,48.811830358276325,3,8.847150803595559,52.826672604668616,133.77176070093267,63.89434197585939,0.3726538386658704,56.52414731219381,0.05,0,0
450,24,0,48.12588366301916,5,10.185876320932794,55.65562976249545,133.52712102632623,66.16481134370275,0.404526548803627,56.52414731219381,0.05,0,0
450,25,0,48.465076917744085,2,11.268968464058863,62.42194934277512,126.79062741167678,67.06920468101517,0.429845235216587,56.52414731219381,0.05,0,0
450,26,0,47.03281352173031,3,11.32756003570406,55.118274203104846,134.53762646039766,67.89231059543327,0.4357626658551894,56.52414731219381,0.05,0,0
450,27,0,46.16044392553232,2,8.96916540552453,,,,0.4137632217065741,56.52414731219381,0.05,0,0
450,28,0,49.76515926873613,0,8.078662357737354,,,,0.4301020797725457,56.52414731219381,0.05,0,0
450,29,0,43.84497371226524,2,9.38246364620703,54.96068439319481,135.3254399120789,65.88132713651774,0.4240006971486976,56.52414731219381,0.05,0,0
450,30,0,47.46377797058477,3,9.763458851268254,61.172484516228494,127.23791952006252,69.18659042772187,0.4170235090472461,56.52414731219381,0.05,0,0
450,31,0,48.02355716474312,3,10.085122049675771,55.32026329035113,135.80579071857275,69.35045821910978,0.3980278277610991,56.52414731219381,0.05,0,0
450,32,0,47.70070551675431,5,10.881350421262203,52.28760806317423,115.80021823951718,65.30875974425653,0.4475317025532456,56.52414731219381,0.05,0,0
450,33,1,47.31771460866261,2,4.744923389014067,57.45613565371188,142.17116634049282,66.91460432817712,0.3934853560672446,56.52414731219381,0.05,0,0
450,34,1,46.890143977504536,4,5.178530408222009,56.563819592364055,128.4164601091049,67.48347619106853,0.4287726373026985,56.52414731219381,0.05,0,0
450,35,0,48.41985449208693,3,8.775907817121697,49.51408583951277,126.28524232576756,67.61246778760733,0.4262502720049436,56.52414731219381,0.05,0,0
450,36,0,49.10098712245005,3,10.10977850667151,49.94735096600614,118.70100515066386,67.03305001228772,0.4103603216980908,56.52414731219381,0.05,0,0
450,37,0,48.2569489724874,2,8.606872783932348,56.031933801268345,131.12199422387155,62.3911717580692,0.4270045527044336,56.52414731219381,0.05,0,0
450,38,0,48.75496949539767,1,9.356864889659718,,,,0.4296004126803601,56.52414731219381,0.05,0,0
450,39,0,48.24702458849893,4,8.828532425325548,61.70402704695248,135.17532485238257,66.8858704470337,0.4323784856062949,56.52414731219381,0.05,0,0
450,40,0,47.88038482512009,2,9.541833718150384,,,,0.4301548411631528,56.52414731219381,0.05,0,0
451,1,0,48.94451443909872,2,9.492468157014205,56.03351336626901,134.21950373274268,68.8196824688333,0.4204675972485182,59.62135700455572,0.05,0,0
451,2,0,48.08430674252457,2,8.766786029571659,50.721899348042754,133.50694470947604,66.01478474237871,0.4103561199957948,59.62135700455572,0.05,0,0
451,3,0,47.490081117638766,4,9.337880041339224,58.78541414265973,132.48202582740518,66.74804113741656,0.3943399276574106,59.62135700455572,0.05,0,0
451,4,0,48.43443179594695,3,11.213822290469112,52.359476269842816,140.2297698595715,64.89828899501234,0.3906069995929254,59.62135700455572,0.05,0,0
451,5,0,47.1766783187627,3,9.70462927360399,,,,0.3989084659745978,59.62135700455572,0.05,0,0
451,6,0,48.741392881926856,2,11.64619000191825,59.67778911465961,125.6831953054262,68.40241065705297,0.3973299032702322,59.62135700455572,0.05,0,0
451,7,0,47.99252083543234,2,10.029756120950507,,,,0.3839545110551716,59.62135700455572,0.05,0,0
451,8,0,49.09046918353368,3,11.214932439993326,52.29831180699868,140.23910937611194,69.18336865603652,0.3947139178124449,59.62135700455572,0.05,0,0
451,9,0,48.85924469582327,1,9.71428405549931,58.117197767708106,119.07773696464452,65.82348030915391,0.4010059368791043,59.62135700455572,0.05,0,0
451,10,0,48.70937472800168,3,10.02122088229095,54.71402843833215,126.07621535463586,62.48780118205652,0.4416206067437309,59.62135700455572,0.05,0,0
451,11,0,49.5887438480425,2,10.783132684874262,57.65185343501891,132.0562325653379,66.18649467767611,0.4385169812019319,59.62135700455572,0.05,0,0
451,12,0,48.23836034146389,3,10.421837204181632,60.279258824101525,130.9985288576986,66.88705602022705,0.3657884014948239,59.62135700455572,0.05,0,0
451,13,0,48.07595137880288,2,9.15228730995041,,,,0.4066743488812464,59.62135700455572,0.05,0,0
451,14,0,47.60335093346431,2,9.462075252512362,54.28682325506411,124.5528896087035,66.19266130945613,0.3931363086390914,59.62135700455572,0.05,0,0
451,15,0,48.12110747528848,3,8.577700469215658,54.15841283738038,128.9267550014125,65.6562068895889,0.4398017009291236,59.62135700455572,0.05,0,0
451,16,0,49.17971557932682,2,9.284421641323036,,,,0.4180153093311201,59.62135700455572,0.05,0,0
451,17,0,48.00803388833991,1,10.740193051345758,,,,0.4257878270014367,59.62135700455572,0.05,0,0
451,18,1,47.31310792573716,3,4.632465954524061,48.23142111616717,126.18360445631424,68.3043831923142,0.3802204968630637,59.62135700455572,0.05,0,0
451,19,1,49.37103226501202,4,4.931711330423022,58.38010987939824,132.40921051265877,66.84930461173784,0.4456310162676125,59.62135700455572,0.05,0,0
451,20,0,66.90933854169927,11,10.901136515829684,,,,0.8018333684407369,59.62135700455572,0.05,1,0
451,21,0,49.19247021137331,0,0.0,55.6137032081092,141.6880885447481,66.53304603827624,0.4011897461413517,59.62135700455572,0.05,0,0
451,22,0,47.37005762710268,3,10.15929927176584,49.86165590131168,132.50687220820856,67.54047462845838,0.3843537973742449,59.62135700455572,0.05,0,0
451,23,0,49.166975136245085,2,9.758420470061877,52.89347598279366,138.31358009165396,65.63572670765154,0.4198609776284813,59.62135700455572,0.05,0,0
451,24,0,47.3694622265797,2,9.114392799121315,53.32725356389085,142.71289657602344,68.8811693878084,0.4392258407889439,59.62135700455572,0.05,0,0
451,25,0,48.41668567034903,2,10.159547464993704,57.2739896776304,118.8494845058872,65.1955990128552,0.4320644604555431,59.62135700455572,0.05,0,0
451,26,0,47.89489436588129,3,8.684330240984051,52.487325705408665,133.8525858348775,65.70192066239208,0.4542732559061938,59.62135700455572,0.05,0,0
451,27,0,50.46271461887805,4,10.642356608955652,,,,0.4278584306824886,59.62135700455572,0.05,0,0
451,28,0,50.14191254126656,3,8.016334427739444,,,,0.4150812905867844,59.62135700455572,0.05,0,0
451,29,0,50.94379090738543,1,9.761944395356377,51.08812875543016,146.68220723294618,65.79685577066049,0.4166759919998835,59.62135700455572,0.05,0,0
451,30,0,47.21143679763499,2,8.469608330303032,54.68434193049704,136.31584213507588,68.31072526498062,0.4242441238216087,59.62135700455572,0.05,0,0
451,31,0,49.64044804193434,3,11.051368260467555,46.15737533556583,122.45929927566908,66.46111759502114,0.3549837270818894,59.62135700455572,0.05,0,0
451,32,0,47.803306187005575,1,10.054269159617284,55.8151780221805,139.84504095001827,64.37326018860337,0.448487119756201,59.62135700455572,0.05,0,0
451,33,1,46.730851808185776,3,5.1017975066226295,54.95247610792232,144.47442238950984,66.65573921428742,0.3793162298391542,59.62135700455572,0.05,0,0
451,34,1,48.82333170874341,0,5.405011374499501,56.92735595801782,115.57704339462086,67.5815720740737,0.3871800283959262,59.62135700455572,0.05,0,0
451,35,0,49.30855314448458,2,10.145495763043977,53.87465906422544,135.5582137040874,62.54022430201548,0.3892620945751141,59.62135700455572,0.05,0,0
451,36,0,51.57059976318138,4,9.329363711918532,56.38197343849128,106.92759379712888,68.26643698545547,0.3835788411917855,59.62135700455572,0.05,0,0
451,37,0,49.66216395600532,3,9.19697847080596,49.53023878631844,140.9840380687795,67.72273133379903,0.4045065369622835,59.62135700455572,0.05,0,0
451,38,0,49.02896876011527,2,10.610399163296892,,,,0.4125412721311269,59.62135700455572,0.05,0,0
451,39,0,47.83595114281221,3,11.122451261800055,56.60278568281399,127.49502149884776,66.83133940052682,0.3889386746080144,59.62135700455572,0.05,0,0
451,40,0,45.77288500999465,3,10.21475325354256,,,,0.4006675924873403,59.62135700455572,0.05,0,0
452,1,0,47.75647786097007,3,11.832862664746946,57.56464390093605,115.9355446204572,68.65293144694023,0.3885560204695697,57.376329238871655,0.05,0,0
452,2,0,48.554145888171085,3,8.635508003227212,61.40447672083658,139.5913916020466,67.97041669998858,0.3871990037629545,57.376329238871655,0.05,0,0
452,3,0,48.89170520080375,1,9.389663556492083,51.40471393662789,117.19344254499792,65.30143177544772,0.3999184870315688,57.376329238871655,0.05,0,0
452,4,0,47.710395514616735,3,8.011255836603231,49.15928808896288,115.70669561764896,66.03808999509435,0.3905944068306736,57.376329238871655,0.05,0,0
452,5,0,48.01019200696023,3,8.957570928982786,,,,0.3995288968331231,57.376329238871655,0.05,0,0
452,6,0,47.97504097425661,3,10.299624832679887,56.76490703673558,132.99198675469378,63.87181311372456,0.4101604063269456,57.376329238871655,0.05,0,0
452,7,0,47.87082566743218,3,10.745755123916975,,,,0.4358551162282874,57.376329238871655,0.05,0,0
452,8,0,47.59425505505319,1,10.402279227247863,62.90369808487628,130.42955390606025,66.66594449896846,0.3803912028793681,57.376329238871655,0.05,0,0
452,9,0,48.606461317894166,2,10.729924327561031,52.42894355900347,134.11048485169664,66.11807707712289,0.4310884628162136,57.376329238871655,0.05,0,0
452,10,0,47.94890821345541,1,9.78002539922571,47.89825159627034,135.67386967619245,66.54883102792365,0.3887703650588605,57.376329238871655,0.05,0,0
452,11,0,47.41458572045119,2,9.7594137355221,54.000604441674376,131.5049746726205,66.21511191777866,0.3959213676839185,57.376329238871655,0.05,0,0
452,12,0,47.56089085852312,3,9.795428299334732,54.553684887140975,123.2830228535044,69.53644126414466,0.4354268158237653,57.376329238871655,0.05,0,0
452,13,0,49.05696390686682,1,10.340284708108245,,,,0.4437202027569976,57.376329238871655,0.05,0,0
452,14,0,48.3939931142313,2,11.16778686032275,57.91452130962705,123.04695171013957,68.11763760817408,0.4021806702118929,57.376329238871655,0.05,0,0
452,15,0,49.22634649878146,3,10.19535943777327,51.35755253362155,129.17452674077725,68.3028730851807,0.3904866040344673,57.376329238871655,0.05,0,0
452,16,0,48.20771065285592,2,10.377259945105962,,,,0.4050414341515549,57.376329238871655,0.05,0,0
452,17,0,48.73214381692932,2,10.057982813611424,,,,0.3836491119185674,57.376329238871655,0.05,0,0
452,18,1,49.24805533755307,3,4.37148588853607,59.60668920467834,105.88462914382086,65.87465684103394,0.4219247767001854,57.376329238871655,0.05,0,0
452,19,1,47.57647183627176,1,5.439107042810605,51.63337467102628,123.48028694970732,66.17014379108355,0.4090056082235684,57.376329238871655,0.05,0,0
452,20,0,66.36096241115577,13,9.69322752654563,,,,0.7981147028498816,57.376329238871655,0.05,1,0
452,21,0,49.08566882015735,0,0.0,55.150648214028735,123.56241684545506,64.09017119085676,0.4057397756628385,57.376329238871655,0.05,0,0
452,22,0,48.505724541960376,3,9.738203457964866,58.31763649169325,126.23994253332032,65.05261740723775,0.4111191137010735,57.376329238871655,0.05,0,0
452,23,0,48.547345707278495,3,11.278562360718611,56.39981717758373,142.82436075340627,67.93910654124916,0.4081982772310334,57.376329238871655,0.05,0,0
452,24,0,48.62279268595726,4,10.477841211365815,55.90856714713744,130.84070176824974,64.71898273429782,0.3776142564098,57.376329238871655,0.05,0,0
452,25,0,47.51548804214956,4,11.29692584382043,55.60276892093836,130.530931524516,68.31024325456681,0.3812729340070285,57.376329238871655,0.05,0,0
452,26,0,52.93347886204016,2,10.406995305355322,50.53619770008668,121.94932568516774,67.12616638670846,0.4117625398505546,57.376329238871655,0.05,0,0
452,27,0,46.74649795495641,4,11.143099593943976,,,,0.4291219952994001,57.376329238871655,0.05,0,0
452,28,0,50.27096578813981,2,9.584432442223047,,,,0.3772377568582664,57.376329238871655,0.05,0,0
452,29,0,48.69805972245123,2,12.296308584212934,52.54489972703371,150.14210568039175,67.1492123559804,0.3993739995656538,57.376329238871655,0.05,0,0
452,30,0,50.10896320912562,2,10.604241863314607,59.26475648724097,147.2354700325412,67.63820993314762,0.4210737922844242,57.376329238871655,0.05,0,0
452,31,0,48.0360386220029,3,10.964713858307876,51.03638884383828,133.51733550532128,69.07883373619947,0.4178849111121346,57.376329238871655,0.05,0,0
452,32,0,47.25634249700214,2,9.392355944744615,56.75275971449719,130.78667971973243,64.31400109849531,0.4019381576695536,57.376329238871655,0.05,0,0
452,33,1,50.66509959600781,1,3.935250935613008,58.7912538128798,120.9238678760628,69.2484127558627,0.4171856219804495,57.376329238871655,0.05,0,0
452,34,1,45.9842438253366,1,4.096388843723325,54.808530729021086,128.77239640216413,67.07856494823783,0.3979430025056468,57.376329238871655,0.05,0,0
452,35,0,46.41392797801375,3,10.815783893691236,51.79849681304237,131.42497689090777,67.38510108906826,0.3966918616620702,57.376329238871655,0.05,0,0
452,36,0,44.3811221096716,4,10.1356809140341,60.40970968302173,123.6508761933766,66.91676046054872,0.4080642526022164,57.376329238871655,0.05,0,0
452,37,0,47.84709986320253,4,10.71349241474278,57.34688119654321,127.71821119128349,67.13615227385093,0.4201586101465324,57.376329238871655,0.05,0,0
452,38,0,49.28040021394505,2,10.053315663437436,,,,0.3990896730216657,57.376329238871655,0.05,0,0
452,39,0,49.99064834758765,4,8.405292484007608,52.58316963463677,136.58954792119377,66.77674421057176,0.4167142637490037,57.376329238871655,0.05,0,0
452,40,0,49.24168398953048,2,10.250547099361214,,,,0.4065881234523735,57.376329238871655,0.05,0,0
453,1,0,48.02923833029888,3,10.497182033571814,50.34275011289692,135.22032581626814,64.05426936435194,0.4332214219487066,61.12625415608392,0.05,0,0
453,2,0,48.508902511587685,3,8.904830551710244,54.29839646978424,125.45565018480588,66.57342465825093,0.4205043030226786,61.12625415608392,0.05,0,0
453,3,0,48.76938412844338,3,9.284299636408528,58.04876320068943,129.45782004120463,66.03340830709747,0.4102520578848851,61.12625415608392,0.05,0,0
453,4,0,49.07628763498811,2,9.412391272356366,56.11104185495231,121.2237029927892,67.3723711747962,0.4087855342149478,61.12625415608392,0.05,0,0
453,5,0,48.80230259449153,3,8.119462688497189,,,,0.4491087358785215,61.12625415608392,0.05,0,0
453,6,0,48.66357166954315,2,9.562201392332009,53.33057890413473,126.04404899323292,67.33020432123735,0.4394058416712882,61.12625415608392,0.05,0,0
453,7,0,47.34928460247111,1,8.351384050090159,,,,0.4049157929343178,61.12625415608392,0.05,0,0
453,8,0,47.9244859973168,1,10.64116427920761,55.9379830082926,119.32930557742137,63.357047838241655,0.4136002259544036,61.12625415608392,0.05,0,0
453,9,0,47.93132803328914,4,11.283094962546375,53.60337009432021,135.26652345617893,69.34105167348916,0.4181341049448389,61.12625415608392,0.05,0,0
453,10,0,47.419002923521504,4,10.394517591948048,58.85038807820271,122.37022409573652,64.18581475941369,0.3781237193502832,61.12625415608392,0.05,0,0
453,11,0,47.68440529497892,3,10.4907992489768,57.20687459609122,122.492692491464,66.71604869625178,0.4007982131509368,61.12625415608392,0.05,0,0
453,12,0,48.20839655093983,3,9.115829885702116,55.22002104544569,134.75924637891086,66.59330126704575,0.4064463459178271,61.12625415608392,0.05,0,0
453,13,0,47.88167020019159,3,8.644583241096074,,,,0.4056861147514581,61.12625415608392,0.05,0,0
453,14,0,47.95663634142186,2,8.112993773317218,55.30458245014169,118.44273007514798,64.69145749262914,0.3888384559160306,61.12625415608392,0.05,0,0
453,15,0,47.8764898425369,3,9.83981789631624,54.79820577353222,123.06324885746596,65.30097043181236,0.4049871775198528,61.12625415608392,0.05,0,0
453,16,0,46.7687403642736,3,9.00871038574751,,,,0.4206179201455015,61.12625415608392,0.05,0,0
453,17,0,48.92487446093857,2,10.733348350148994,,,,0.4098092945680131,61.12625415608392,0.05,0,0
453,18,1,49.12306248523475,2,4.772023713853921,52.84748707201537,116.56926824103977,62.143547593470174,0.4681911890477293,61.12625415608392,0.05,0,0
453,19,1,48.79101063187835,0,5.02191395689176,58.62400562526832,136.21178056793343,64.02645059325212,0.392554805880715,61.12625415608392,0.05,0,0
453,20,0,65.51394603203794,11,9.14597499341991,,,,0.8121337570886051,61.12625415608392,0.05,1,0
453,21,0,47.20407149927149,0,0.0,58.72981437649279,126.22637308064914,67.37600086191557,0.3908184141116663,61.12625415608392,0.05,0,0
453,22,0,48.27790825980605,3,11.194217136647424,57.2784406398712,126.0432076707472,67.71742477452585,0.4122662145363462,61.12625415608392,0.05,0,0
453,23,0,48.58199086697508,1,8.461782701403301,54.78142711686527,124.87164161550317,66.9572162568312,0.4224515046370818,61.12625415608392,0.05,0,0
453,24,0,48.99213515977421,3,11.000581794378878,56.159575040908535,122.63895366926084,68.5046361650807,0.4222592349631244,61.12625415608392,0.05,0,0
453,25,0,48.67014626845559,4,8.796944610195755,53.09005996890902,117.706732980117,65.16859788148041,0.4240469102514004,61.12625415608392,0.05,0,0
453,26,0,45.572974158890446,2,11.828150489508946,51.31646841972518,137.3498943112769,65.54668792583084,0.3977393364089144,61.12625415608392,0.05,0,0
453,27,0,48.059744097434894,2,10.798596327539116,,,,0.4242740027115266,61.12625415608392,0.05,0,0
453,28,0,48.14865075866553,3,8.835788742066432,,,,0.4053150184730342,61.12625415608392,0.05,0,0
453,29,0,48.876641866980265,2,8.0316532460073,60.04573767497327,120.46265046934622,65.34241489712785,0.3991882736441887,61.12625415608392,0.05,0,0
453,30,0,52.106012601050296,1,10.037404311958191,56.67657287930098,136.80061601693416,64.36657301558654,0.4235761661472322,61.12625415608392,0.05,0,0
453,31,0,50.43487495628512,4,9.744811354645252,50.90347959475199,135.1904124965671,65.03135579315169,0.4043175568224038,61.12625415608392,0.05,0,0
453,32,0,50.27912941994239,2,10.170662389294796,58.20176282340568,133.08515058954566,68.03466749572199,0.36902071920355,61.12625415608392,0.05,0,0
453,33,1,47.96950139031775,2,5.480995333117817,56.45747410700909,146.66107196670973,67.30587879416397,0.4164470584150619,61.12625415608392,0.05,0,0
453,34,1,49.91335140630997,2,3.756144806136964,59.017140553160445,132.7692200680553,66.9432315244223,0.4367629231074907,61.12625415608392,0.05,0,0
453,35,0,47.7819177024516,0,9.646446096855804,54.15066198534765,124.78401267016793,65.92401717266054,0.4097308557881962,61.12625415608392,0.05,0,0
453,36,0,49.24105115860179,3,8.744534790730066,51.37098913617552,137.5361488145679,66.03863281748619,0.4210998571915006,61.12625415608392,0.05,0,0
453,37,0,49.79039387213013,3,11.419623548095329,66.19419895826141,128.73297706332625,65.36058867496861,0.3805763809171134,61.12625415608392,0.05,0,0
453,38,0,48.82627807508904,2,10.636901594838283,,,,0.4334532243873118,61.12625415608392,0.05,0,0
453,39,0,49.03641170886275,3,9.475028940618742,49.66688855304252,125.16590820309789,65.01868305282728,0.4037637333927673,61.12625415608392,0.05,0,0
453,40,0,45.97314034516871,3,11.76979757002196,,,,0.405616449340047,61.12625415608392,0.05,0,0
454,1,0,48.553841482620776,3,9.857747041875694,61.12489740248841,134.95759921734367,67.23191654807677,0.4407849785183326,58.96373063045472,0.05,0,0
454,2,0,48.30091660169876,2,10.38206610392603,55.85000748138077,137.18550953526437,65.19315007886678,0.4420572536218785,58.96373063045472,0.05,0,0
454,3,0,49.707009125586495,3,11.220580895527895,54.03082755488,132.95812008701984,67.0117417507765,0.45280885933546,58.96373063045472,0.05,0,0
454,4,0,48.03402107095375,2,9.053557579769844,56.79017796907655,129.15708073139515,66.60803054931262,0.4157149184806139,58.96373063045472,0.05,0,0
454,5,0,48.187300206588745,2,8.75708312345454,,,,0.4413649926358357,58.96373063045472,0.05,0,0
454,6,0,47.94305084097701,1,9.508920132096677,55.134705317920826,129.5635348659336,69.31524864317528,0.4194206026659102,58.96373063045472,0.05,0,0
454,7,0,46.75091770966835,3,10.13123257021192,,,,0.4103683407674128,58.96373063045472,0.05,0,0
454,8,0,48.66373600914461,3,7.926643241491709,56.17623820497977,126.92905410107298,65.55706244636286,0.4332677015418994,58.96373063045472,0.05,0,0
454,9,0,48.06243456700364,3,9.6452618456055,58.93759681894131,140.4412327813937,66.87683900790101,0.4198112331438012,58.96373063045472,0.05,0,0
454,10,0,49.59406816837567,3,11.887402117846102,53.98377877030281,136.31261790497302,67.16284826544276,0.4115897218843429,58.96373063045472,0.05,0,0
454,11,0,48.03737188974256,4,10.10942702104419,54.71754126428354,128.17015441500786,67.37730864475343,0.433529476861586,58.96373063045472,0.05,0,0
454,12,0,48.09821440317896,1,10.058841027957994,53.40554869748421,126.60423509275466,65.5576852958722,0.4026552789388217,58.96373063045472,0.05,0,0
454,13,0,48.45112033915586,3,11.089005307674828,,,,0.4220645232668213,58.96373063045472,0.05,0,0
454,14,0,48.44627681043395,3,10.966838056411428,58.39430809224989,138.37237381389284,67.44185323965712,0.4382835845799742,58.96373063045472,0.05,0,0
454,15,0,47.95778436995415,3,11.270218985714209,53.55586603855641,123.2143806834064,68.36787932809578,0.4075756871530983,58.96373063045472,0.05,0,0
454,16,0,49.01749835763634,3,10.400310300626824,,,,0.4266069800425879,58.96373063045472,0.05,0,0
454,17,0,47.94057940334562,1,10.10235634554518,,,,0.4307829863455899,58.96373063045472,0.05,0,0
454,18,1,48.7096065594868,3,3.836527978151684,58.52656505493858,122.10208474873995,67.06655153945037,0.4155107615098373,58.96373063045472,0.05,0,0
454,19,1,47.64333058755473,0,4.977632875633528,57.55427834578573,131.60886644102152,65.69460994416725,0.399163366396789,58.96373063045472,0.05,0,0
454,20,0,66.88796756032397,10,8.000269087373024,,,,0.7840921811979991,58.96373063045472,0.05,1,0
454,21,0,48.64949535267135,0,0.0,52.73164443088195,142.7315164988712,66.0578127664778,0.4476028491319676,58.96373063045472,0.05,0,0
454,22,0,48.8107935184062,3,10.164678381288926,52.55749191442548,125.0120293320455,64.89916096674322,0.4686639482976861,58.96373063045472,0.05,0,0
454,23,0,48.06588795129469,4,8.456489078937153,57.52222790146478,125.89793350979063,68.76881720404849,0.3955459350058388,58.96373063045472,0.05,0,0
454,24,0,47.31442932818754,3,9.676596707825295,54.51078341979555,145.0375602186964,66.42165886355086,0.420509205560912,58.96373063045472,0.05,0,0
454,25,0,48.409298048123205,2,10.132421138386103,53.774763033534754,134.87468910436385,64.39176739686799,0.3787056476918299,58.96373063045472,0.05,0,0
454,26,0,49.72405032985708,3,11.164270074079258,47.952332824132064,135.34745320645476,67.66396013671904,0.4121671053158005,58.96373063045472,0.05,0,0
454,27,0,49.9604588157883,3,10.110708008770231,,,,0.4268398578752106,58.96373063045472,0.05,0,0
454,28,0,49.3801124045496,1,9.41112198937916,,,,0.4421289140384986,58.96373063045472,0.05,0,0
454,29,0,47.00718799037405,2,10.514410000120552,53.52234777607712,125.29349957211488,67.41532447953075,0.4437225158367644,58.96373063045472,0.05,0,0
454,30,0,51.15125406854288,2,9.482537046140193,53.17859729410981,133.4359717713238,67.3983737983736,0.3908553476453623,58.96373063045472,0.05,0,0
454,31,0,47.62309899060476,1,9.81658678631056,57.94110353531828,122.1868340773681,67.23590293642448,0.3970823375699042,58.96373063045472,0.05,0,0
454,32,0,45.22030224202869,3,9.737091335582466,51.34877930083858,131.45626598017628,68.49194902179852,0.4021926197494478,58.96373063045472,0.05,0,0
454,33,1,48.53373851951674,4,4.58338477882022,59.50153818799272,135.51390185135125,66.04748140286512,0.3950206527849321,58.96373063045472,0.05,0,0
454,34,1,48.106136505899485,3,5.371972349369722,55.37154476545823,135.82225175000187,66.35348456490543,0.4005139277607751,58.96373063045472,0.05,0,0
454,35,0,45.04385427277818,1,9.262813264180208,45.43796526398159,135.81788966867884,67.39079482286853,0.3904756924645857,58.96373063045472,0.05,0,0
454,36,0,47.23899598118448,4,8.691439894946743,55.46907907179663,134.13962418355976,64.40883180941584,0.4346548379344007,58.96373063045472,0.05,0,0
454,37,0,47.59279022894416,3,10.510983253147392,57.36216246583181,132.2775532430848,66.83763519043377,0.4551857593874795,58.96373063045472,0.05,0,0
454,38,0,48.91916343626796,2,8.940475907009661,,,,0.4397404613746839,58.96373063045472,0.05,0,0
454,39,0,50.87670168289323,2,10.7229568218856,61.13264381328594,135.87356133361575,65.79733882657382,0.437913575691676,58.96373063045472,0.05,0,0
454,40,0,48.6584740364352,2,10.355566661383152,,,,0.411615879942297,58.96373063045472,0.05,0,0
455,1,0,48.36601930660724,2,10.116939065619745,54.26974503437628,130.2837659363294,66.45948272426682,0.4359300639430115,57.994267608246346,0.05,0,0
455,2,0,48.34231886911176,1,9.245515953506246,53.94370120634397,128.17867650121116,67.19390645437605,0.4025431866368438,57.994267608246346,0.05,0,0
455,3,0,48.754747702254605,3,10.732584399639098,45.21722340062252,133.27525662151928,66.66591923469052,0.4110761698220579,57.994267608246346,0.05,0,0
455,4,0,49.50208283931349,2,12.04003289426258,50.88082185117973,131.3033343281089,67.12734657792095,0.433375101005389,57.994267608246346,0.05,0,0
455,5,0,48.2528268385906,4,8.863194828949059,,,,0.4154239528315161,57.994267608246346,0.05,0,0
455,6,0,47.6504056343432,1,8.894525073531163,59.794139301552526,124.39413283091388,64.86254949354706,0.4184297947320998,57.994267608246346,0.05,0,0
455,7,0,48.221341865836735,2,12.247404280457369,,,,0.4366512164145834,57.994267608246346,0.05,0,0
455,8,0,47.92269051195628,2,12.039781859652535,52.7070409940868,115.87672651702016,67.19780539035806,0.4001685593433769,57.994267608246346,0.05,0,0
455,9,0,48.15005065107998,1,9.58154348029759,53.25667222842419,138.96350048537792,63.70241688833459,0.3923689250302555,57.994267608246346,0.05,0,0
455,10,0,48.87554976620611,4,9.937298897922146,50.745502301330816,146.4104192884448,65.60556128702446,0.41129260095438,57.994267608246346,0.05,0,0
455,11,0,48.33403402143452,3,9.917630325677267,53.33629742260643,140.65006022417603,66.65326100990868,0.4194645191336644,57.994267608246346,0.05,0,0
455,12,0,47.95751388423032,3,9.439134915957426,59.51200831002246,134.95763246955082,65.39098733041209,0.4361665328460257,57.994267608246346,0.05,0,0
455,13,0,48.34841646277439,3,8.458735011464192,,,,0.4148388665615699,57.994267608246346,0.05,0,0
455,14,0,47.120310572057086,4,10.763543853484784,49.916906888428095,140.75038542341989,66.01618937429811,0.3729529689221116,57.994267608246346,0.05,0,0
455,15,0,48.79807990659713,1,10.287068087320696,55.62276891438794,122.04289566135417,66.84553077796934,0.416426945148478,57.994267608246346,0.05,0,0
455,16,0,48.20305036062666,2,9.291841882293475,,,,0.4080749596897353,57.994267608246346,0.05,0,0
455,17,0,48.21148368878832,4,10.796038531291565,,,,0.4248996799874621,57.994267608246346,0.05,0,0
455,18,1,48.32541251203718,5,5.128570973877918,52.33762862281672,125.61928580258048,62.37368419358071,0.4038209691995208,57.994267608246346,0.05,0,0
455,19,1,47.78376032093473,4,5.017271085732086,55.25495682417148,125.29261398013954,64.17547356823745,0.3987287005916441,57.994267608246346,0.05,0,0
455,20,0,68.04238041219611,11,11.601748699506384,,,,0.8356012973270208,57.994267608246346,0.05,1,0
455,21,0,49.11287384090788,0,0.0,61.4116535129951,125.70104431759202,67.24346196980234,0.403523263503895,57.994267608246346,0.05,0,0
455,22,0,47.60903231000477,2,10.652343971924145,54.07767818173837,117.68157391193256,67.06230293913538,0.4128653541874301,57.994267608246346,0.05,0,0
455,23,0,47.72972766393055,2,10.065061571660934,48.78374541914842,138.0673066292439,65.89845265987574,0.4607957473451626,57.994267608246346,0.05,0,0
455,24,0,48.89174755931213,2,11.541009152598916,54.410696308901485,146.2560719579037,68.52040003790069,0.4283574257068433,57.994267608246346,0.05,0,0
455,25,0,47.84727758290668,3,10.031587165290786,55.60458750184969,130.345789459583,64.09003418817449,0.3805263646254685,57.994267608246346,0.05,0,0
455,26,0,49.30287711638353,3,10.28073494309366,59.72680102504658,131.05932689919186,65.87508892997707,0.4594750406279621,57.994267608246346,0.05,0,0
455,27,0,46.97202747710927,3,10.096125810288116,,,,0.3888007366277776,57.994267608246346,0.05,0,0
455,28,0,48.4428473734514,5,11.24227174986708,,,,0.4273303307406757,57.994267608246346,0.05,0,0
455,29,0,46.33839732558115,3,10.87139739871816,49.89208803445528,136.62182544869574,65.27570305681007,0.4139086239881314,57.994267608246346,0.05,0,0
455,30,0,48.30284182224498,3,9.799057780287583,59.12174878197459,130.86804645851055,64.29987891491643,0.4089809847000852,57.994267608246346,0.05,0,0
455,31,0,50.04602840000149,4,9.593879608456112,54.4014657302188,130.5116259879754,66.01957881645014,0.4261380319028928,57.994267608246346,0.05,0,0
455,32,0,50.27300434662709,0,9.399027183715152,59.360847628218224,134.55464643943063,65.27304347439197,0.4248216926445443,57.994267608246346,0.05,0,0
455,33,1,49.539469025963605,3,4.345944886718053,59.405913257563775,120.6371409756218,66.70439260122653,0.434686834990094,57.994267608246346,0.05,0,0
455,34,1,52.61550961626176,2,4.336303892253101,55.01034440372273,140.35045987059362,68.18209683104325,0.4031767002104656,57.994267608246346,0.05,0,0
455,35,0,49.984062261596286,3,8.190563425027127,51.71816278972349,120.8067470350146,67.06961255654593,0.4063608027964269,57.994267608246346,0.05,0,0
455,36,0,48.598866125658375,4,10.975044776452329,58.19449820691808,134.47005765834143,67.59832448027142,0.4008627675909654,57.994267608246346,0.05,0,0
455,37,0,51.48729437944878,4,10.977744359694308,57.67971837219236,128.26529051361285,67.09506149850104,0.4024267038299208,57.994267608246346,0.05,0,0
455,38,0,46.45465674254393,3,8.821538510000591,,,,0.4020178841255962,57.994267608246346,0.05,0,0
455,39,0,47.76060173324888,3,8.52163700915272,56.62049753247532,143.31015285739997,70.17512170810934,0.417938460286879,57.994267608246346,0.05,0,0
455,40,0,47.34334594972052,4,10.369485013974488,,,,0.3936035098894559,57.994267608246346,0.05,0,0
456,1,0,47.88909802107198,3,12.375714218828398,62.54080632906304,150.9942197696774,63.33633585338521,0.4387935085759168,59.00960109133626,0.05,0,0
456,2,0,47.54227376898687,3,9.258119111176471,55.3512785585372,124.14782333945888,65.46009365118438,0.4074827861102991,59.00960109133626,0.05,0,0
456,3,0,48.31542014822635,3,9.715835996512787,55.33042710006092,139.33026536365,66.50920281820652,0.4243380255283663,59.00960109133626,0.05,0,0
456,4,0,49.44565975841166,2,8.764661044613371,54.44496964086182,120.83120230815788,65.2214517228738,0.4017281532791177,59.00960109133626,0.05,0,0
456,5,0,49.30929744713045,1,10.44356691884287,,,,0.4234019489217184,59.00960109133626,0.05,0,0
456,6,0,47.7225969010371,3,9.794647048940728,54.24378553436694,131.86846389660593,68.65287023754082,0.4383859445366612,59.00960109133626,0.05,0,0
456,7,0,46.89543906243529,1,10.152177245110432,,,,0.368215483974442,59.00960109133626,0.05,0,0
456,8,0,49.32091229146416,0,10.8191210402847,51.40220760812136,134.56123300908286,68.17332181629764,0.405590219781867,59.00960109133626,0.05,0,0
456,9,0,47.86911920610182,2,11.6701293903356,58.98055423346586,129.49173565506422,65.89509925069844,0.4027188035670078,59.00960109133626,0.05,0,0
456,10,0,47.9505726681337,2,10.00186450817747,59.61744867210656,133.36209914045745,65.59040059857494,0.4223970380516311,59.00960109133626,0.05,0,0
456,11,0,47.27086491510484,3,10.82089281677089,56.38450630673071,122.95793460044774,66.00833303763173,0.3793561139640123,59.00960109133626,0.05,0,0
456,12,0,47.70010626732405,2,10.015319229778182,56.2425114517105,127.92654336642356,67.34012665101223,0.4057664318182741,59.00960109133626,0.05,0,0
456,13,0,48.65284766436361,2,9.285171453531005,,,,0.4249877641304129,59.00960109133626,0.05,0,0
456,14,0,48.16744930654211,2,11.213490414862472,52.62050868807779,133.858662743863,65.77992684018112,0.4228747792312815,59.00960109133626,0.05,0,0
456,15,0,48.066938007059086,2,10.21833544079812,55.209630544845865,134.81136181762483,68.92617613636577,0.3895601538588809,59.00960109133626,0.05,0,0
456,16,0,47.92474436141355,3,8.918683168767474,,,,0.4326867441706943,59.00960109133626,0.05,0,0
456,17,0,48.2811901762975,3,10.236024134675374,,,,0.3713719207689407,59.00960109133626,0.05,0,0
456,18,1,47.96266909738732,3,3.972471490850002,52.225809488447936,129.19304099319274,66.95207062163415,0.4124049278762002,59.00960109133626,0.05,0,0
456,19,1,47.38865506664676,3,6.027470416630434,53.3878881175745,124.50416826802903,68.37493443451476,0.418476985309471,59.00960109133626,0.05,0,0
456,20,0,67.0023606879711,12,8.807181785228119,,,,0.8274632628576534,59.00960109133626,0.05,1,0
456,21,0,48.703826367315806,0,0.0,49.68167987107902,139.21450484021742,67.78092521261362,0.4189977384343255,59.00960109133626,0.05,0,0
456,22,0,48.98055258168929,1,10.64951799743705,56.99565541203703,126.13408900937704,68.63911893308376,0.4299768947425009,59.00960109133626,0.05,0,0
456,23,0,48.36214198857858,1,7.871316558115664,51.72023006714519,127.70908629818896,66.62320396213333,0.4288777616654756,59.00960109133626,0.05,0,0
456,24,0,47.91413473132885,1,10.113530636538806,58.50398995270999,123.62215565372632,66.89160266353213,0.4298862677997952,59.00960109133626,0.05,0,0
456,25,0,47.50157471831694,3,8.924884366542551,55.217700806195296,121.08319207912425,64.27542247734644,0.4324800723715673,59.00960109133626,0.05,0,0
456,26,0,51.00244311500982,2,9.141910452523083,48.33463123293683,139.82414655715309,67.35124147206466,0.4062886476351826,59.00960109133626,0.05,0,0
456,27,0,47.15544642754545,1,11.540635368872431,,,,0.394665359331665,59.00960109133626,0.05,0,0
456,28,0,47.94282207717825,4,10.444070925881158,,,,0.4145356439449327,59.00960109133626,0.05,0,0
456,29,0,47.97965012327192,3,10.174798393852704,54.420695010985845,144.14900829016307,67.42356677399266,0.4270692430862804,59.00960109133626,0.05,0,0
456,30,0,51.11974849353264,1,8.736049868402004,53.66547773374745,129.94430314543305,67.87350715736503,0.4548627056502021,59.00960109133626,0.05,0,0
456,31,0,46.92112994184982,3,10.676117509273436,61.82911292346347,132.586406883039,67.39076265979796,0.4059114096086159,59.00960109133626,0.05,0,0
456,32,0,49.97756753722103,5,8.717280532239691,64.04081064179618,119.02239398000332,68.14013716731331,0.4335644414929543,59.00960109133626,0.05,0,0
456,33,1,46.791514884615495,1,5.480113272203311,54.222708384547296,124.04598506527898,67.3407535402851,0.4043663305106767,59.00960109133626,0.05,0,0
456,34,1,46.88808079814483,2,5.090727655396485,51.27448949975691,129.1577564120408,67.20114293512634,0.4411762056592097,59.00960109133626,0.05,0,0
456,35,0,49.85944680864559,4,8.916263700057197,54.75176000550534,136.41087260403444,67.4582109540071,0.4139059453359556,59.00960109133626,0.05,0,0
456,36,0,47.2207306319908,3,9.223848948390913,54.52774857152322,130.5612158882475,66.77530071171215,0.4172171213235623,59.00960109133626,0.05,0,0
456,37,0,48.18098963395173,2,10.456839612093964,55.71321085568513,134.19107774488882,66.03105860372305,0.4039592410483719,59.00960109133626,0.05,0,0
456,38,0,49.1227538857218,3,11.333823516040336,,,,0.4109989515390331,59.00960109133626,0.05,0,0
456,39,0,47.57970719611602,2,9.13180763193424,51.21659943881668,133.41732088968277,68.30898582125567,0.4288012494153583,59.00960109133626,0.05,0,0
456,40,0,46.59670678322748,1,9.814489983615005,,,,0.4119074490635837,59.00960109133626,0.05,0,0
457,1,0,48.62027613211154,2,11.443320228431912,55.3296835325427,123.85895838368138,66.09490667741645,0.4266710210423461,60.40466202469813,0.05,0,0
457,2,0,48.57589454088547,2,10.05147426939098,50.753841492494274,128.49282000383613,66.01684054551627,0.4138469750000775,60.40466202469813,0.05,0,0
457,3,0,48.40580264610984,2,8.671588973942244,59.88346485650412,116.53782172284524,64.05152626385744,0.4445265539407727,60.40466202469813,0.05,0,0
457,4,0,48.30692750600278,3,9.69052712710704,52.49040986253845,128.48021068124785,63.06926773348479,0.4356370927342888,60.40466202469813,0.05,0,0
457,5,0,48.5700897396206,2,9.671858109621123,,,,0.4134288515110543,60.40466202469813,0.05,0,0
457,6,0,48.38805493637963,3,8.588805866207338,56.30481307173467,130.57668362057922,66.00986661503245,0.3799977853439802,60.40466202469813,0.05,0,0
457,7,0,48.95985105747185,3,9.367941055428236,,,,0.3954291008832685,60.40466202469813,0.05,0,0
457,8,0,48.427620216229805,2,9.76850161464836,49.1069304109072,123.629365709066,68.8027655459826,0.421458961806514,60.40466202469813,0.05,0,0
457,9,0,47.50358749583423,2,9.636907310567592,61.75437791676245,133.00751224720625,68.37785008090887,0.4073382446136547,60.40466202469813,0.05,0,0
457,10,0,48.34713741351008,3,10.202194305330966,54.52455990465429,149.9650908401874,67.6015119725933,0.3700863366419781,60.40466202469813,0.05,0,0
457,11,0,47.03289004934494,3,9.747164471389553,61.689997954757125,124.81794226886495,66.89622617318572,0.404558695280666,60.40466202469813,0.05,0,0
457,12,0,48.809212434682685,3,10.756627924481108,56.02886115107867,129.8272328569226,67.4187256338339,0.456860540687919,60.40466202469813,0.05,0,0
457,13,0,48.67975845599737,3,11.648657615529569,,,,0.4410363129757946,60.40466202469813,0.05,0,0
457,14,0,48.71077701661954,3,11.36441562783093,55.03574897956226,132.53796936222477,64.55332040012752,0.4125936419023821,60.40466202469813,0.05,0,0
457,15,0,48.16719640925018,2,9.961646026673048,60.68132365509759,126.12536771850168,67.63185383628219,0.420403261853733,60.40466202469813,0.05,0,0
457,16,0,47.55302718649048,3,10.832578271308662,,,,0.4038944854896004,60.40466202469813,0.05,0,0
457,17,0,49.28515059772525,3,9.628782373340204,,,,0.435186189426429,60.40466202469813,0.05,0,0
457,18,1,47.88077184464432,4,4.612862346226602,51.91717180113571,120.672774621278,66.40828168626263,0.3830330132373037,60.40466202469813,0.05,0,0
457,19,1,50.09007506742027,1,4.364530135654032,62.02120129193131,130.9382672809157,65.87534746325056,0.4362057592186315,60.40466202469813,0.05,0,0
457,20,0,67.34463101698891,11,10.5500316013949,,,,0.775282944148765,60.40466202469813,0.05,1,0
457,21,0,47.91095518293629,0,0.0,53.51378167481633,131.02896635894277,67.82077592234636,0.4038527394090032,60.40466202469813,0.05,0,0
457,22,0,47.541849145324825,2,10.342943629842592,55.180371575784335,128.17505371384993,66.51238482672385,0.3835453792511615,60.40466202469813,0.05,0,0
457,23,0,49.29207557189999,3,8.744156313001582,55.33373955527622,145.24799162598907,65.47018689794133,0.4072678883780585,60.40466202469813,0.05,0,0
457,24,0,49.1681157734878,1,9.17170444446375,54.96913998736025,133.24634364341733,65.79375560712677,0.4300743376602847,60.40466202469813,0.05,0,0
457,25,0,48.80784154387902,2,9.23432601244795,52.26450283245959,138.1178500826628,66.63461652607285,0.4312113965903892,60.40466202469813,0.05,0,0
457,26,0,47.670074546558205,2,9.01633204007611,60.13879954134044,120.68955101067084,65.80519165764873,0.3718582045498312,60.40466202469813,0.05,0,0
457,27,0,47.68490382551923,5,9.340288455887409,,,,0.4151110013027458,60.40466202469813,0.05,0,0
457,28,0,49.073695673560565,3,10.145616831052044,,,,0.4332271131159347,60.40466202469813,0.05,0,0
457,29,0,49.15204103662661,1,10.195211044664354,49.36010608943982,140.66377507292333,66.4132938259053,0.3972474794931888,60.40466202469813,0.05,0,0
457,30,0,51.220886202645374,1,10.486694375899775,56.101612869249,136.203877278397,66.5763736919182,0.4366797720117955,60.40466202469813,0.05,0,0
457,31,0,51.62208583940357,1,10.146215895419662,54.37733718578549,136.91512101244996,68.06874115827861,0.413166706808489,60.40466202469813,0.05,0,0
457,32,0,46.4915679821318,1,9.644836256205302,48.852757944237496,119.82806379878528,66.52140470264743,0.4542525855511016,60.40466202469813,0.05,0,0
457,33,1,48.41652004204642,3,5.043626226441287,55.282819405081824,131.24921863888875,65.6140799310356,0.4097999628330848,60.40466202469813,0.05,0,0
457,34,1,45.67219330496143,2,4.82794288429803,66.81515099228031,141.81830645634193,67.24848468132416,0.3942570973453952,60.40466202469813,0.05,0,0
457,35,0,46.50404277137876,3,10.012456481257846,58.520784660853344,129.42159281720683,66.87404040773133,0.3768007424800232,60.40466202469813,0.05,0,0
457,36,0,46.56102803739793,2,9.021533192381977,51.17358205187342,130.174407350131,65.8313837143577,0.4075928247676602,60.40466202469813,0.05,0,0
457,37,0,47.76448752238458,2,9.435433143673444,60.27457138269856,137.7930247233223,66.94343043251236,0.4256097382360694,60.40466202469813,0.05,0,0
457,38,0,48.62659665572132,3,10.414245265895664,,,,0.4201785357880871,60.40466202469813,0.05,0,0
457,39,0,49.41598978567585,2,11.093611889631028,61.90314041653973,124.49866571598892,64.18322245791752,0.4566182821500798,60.40466202469813,0.05,0,0
457,40,0,45.25438491459947,3,9.68773772266367,,,,0.4146124306140073,60.40466202469813,0.05,0,0
458,1,0,48.46287209346564,1,9.69839367161584,54.89800819570476,115.78646014403571,65.50340818944818,0.4069667630327043,59.92890943653191,0.05,0,0
458,2,0,47.73180113970741,4,9.852635197308556,53.27896741389813,139.20518868138996,68.99802779295692,0.4185581987491728,59.92890943653191,0.05,0,0
458,3,0,48.74166327766514,2,10.552112775420875,62.908936667780246,133.1184694558515,68.08573531625049,0.4592797529481698,59.92890943653191,0.05,0,0
458,4,0,48.909606519096926,4,9.956481829141204,51.89089298164589,129.65172040896027,65.33965572432835,0.4408814216096007,59.92890943653191,0.05,0,0
458,5,0,47.38229467229253,1,8.296302909167178,,,,0.4087576799364814,59.92890943653191,0.05,0,0
458,6,0,47.45056297471572,2,10.824003979406635,56.19825838891366,128.91983817801346,68.29113183030208,0.3796275793415758,59.92890943653191,0.05,0,0
458,7,0,48.347054860745374,2,10.539791640037826,,,,0.4399912924691364,59.92890943653191,0.05,0,0
458,8,0,47.55084516950318,2,9.338527721061904,59.53449859676329,120.78817588357592,64.57159342822571,0.4184958312665843,59.92890943653191,0.05,0,0
458,9,0,48.948464172637806,1,9.728513421446022,48.65267087227368,124.401993548636,65.49925993333744,0.4376956962698697,59.92890943653191,0.05,0,0
458,10,0,49.07662644351413,2,10.935501424398131,55.894023842524646,119.5443612676344,64.02336324015094,0.4399458677637369,59.92890943653191,0.05,0,0
458,11,0,48.3799850474349,3,9.722002734556131,52.93265382616621,139.5761770130422,64.1894211516821,0.4067558548720074,59.92890943653191,0.05,0,0
458,12,0,48.413759244713006,4,8.098125304838028,51.62070822553584,124.5035778820704,67.0298418992227,0.3655358948244483,59.92890943653191,0.05,0,0
458,13,0,47.91560180678584,2,9.256228375187243,,,,0.400540409534848,59.92890943653191,0.05,0,0
458,14,0,48.46272484294001,1,10.540599992019445,52.38534439329148,122.1113069678102,65.87410485513932,0.4330238573469889,59.92890943653191,0.05,0,0
458,15,0,48.53783816264655,4,9.627879916251104,52.08969722632028,119.87799960601956,66.96969777750384,0.401926146307011,59.92890943653191,0.05,0,0
458,16,0,47.60422056770916,3,10.534087350584834,,,,0.4274449526866127,59.92890943653191,0.05,0,0
458,17,0,48.31163195166249,3,10.364681697285825,,,,0.3803201948891257,59.92890943653191,0.05,0,0
458,18,1,49.62399649266308,2,5.29018132730668,54.02575693311251,121.5497003093038,66.5110725884448,0.4432513647669126,59.92890943653191,0.05,0,0
458,19,1,47.92892670831287,1,4.893870437571156,54.93819230314136,133.51474483184165,67.49195594195677,0.3993010225218039,59.92890943653191,0.05,0,0
458,20,0,65.74660039187444,12,11.158303470683991,,,,0.8158913259311367,59.92890943653191,0.05,1,0
458,21,0,48.88561539806687,0,0.0,52.58027738359151,125.57522373554312,66.4689164801258,0.4193009028191847,59.92890943653191,0.05,0,0
458,22,0,48.01683440621527,4,7.432220661694744,49.33565666210424,111.04562737446822,66.65030124375456,0.4153066558466017,59.92890943653191,0.05,0,0
458,23,0,48.90607688111054,2,10.340063918927418,56.0769240426848,128.1724033438854,66.1790899871204,0.4324860266234679,59.92890943653191,0.05,0,0
458,24,0,47.697952076728285,3,9.026941958759624,51.51650286648879,128.61484622202204,66.50224045828216,0.4186760038540061,59.92890943653191,0.05,0,0
458,25,0,49.56614256182092,2,9.037292687683436,54.26598522580324,126.80906079834436,66.61510843238372,0.4140356601740142,59.92890943653191,0.05,0,0
458,26,0,44.756764738197006,2,10.96884161865055,53.41213897665195,135.76361024082107,64.93862002921732,0.4352229332297411,59.92890943653191,0.05,0,0
458,27,0,48.29019533037923,3,10.469806937218438,,,,0.4109876613394322,59.92890943653191,0.05,0,0
458,28,0,47.6971219699911,2,10.007994589446982,,,,0.3896888137919616,59.92890943653191,0.05,0,0
458,29,0,51.71933145600984,4,9.581570379917029,57.075512518822194,134.00507838053733,66.96898768273851,0.4412477295744377,59.92890943653191,0.05,0,0
458,30,0,46.73985154336012,3,9.556980146376906,49.22051337582197,137.60490867756138,65.54917374854227,0.444747902068544,59.92890943653191,0.05,0,0
458,31,0,46.566964346240646,4,10.88400869581136,52.41299763960202,149.37270046511458,65.58331335706889,0.4210053241884665,59.92890943653191,0.05,0,0
458,32,0,48.004737655346425,2,10.469993396790157,61.35137768757639,123.25198040252286,67.99504382296365,0.4002896523769669,59.92890943653191,0.05,0,0
458,33,1,49.9002075039226,2,6.0158990958531575,57.25148802745522,127.07732992789455,67.75650993575229,0.4389972755983634,59.92890943653191,0.05,0,0
458,34,1,48.10710391746764,3,5.495129203384613,48.08731847858343,122.90674259355916,68.17042221678773,0.4327196941038861,59.92890943653191,0.05,0,0
458,35,0,46.85444827145457,4,9.637469356238524,55.192585204232856,125.24627233993974,67.2789999463489,0.4115131924713348,59.92890943653191,0.05,0,0
458,36,0,46.928002678853055,4,8.711654387518712,56.09353920156612,123.60403326717967,66.91450557805541,0.4246274598666238,59.92890943653191,0.05,0,0
458,37,0,46.97309631916909,3,10.07125545546385,51.24305315729387,128.4335891206821,67.8333919298684,0.3979526126338216,59.92890943653191,0.05,0,0
458,38,0,46.78228503375474,3,9.711582229999111,,,,0.4216722909983454,59.92890943653191,0.05,0,0
458,39,0,48.93284331648721,2,10.403913792518557,59.99128335881021,127.8156630331199,66.55843975632425,0.4178556638678156,59.92890943653191,0.05,0,0
458,40,0,49.73145552967362,3,11.554594589105116,,,,0.4311600029948333,59.92890943653191,0.05,0,0
459,1,0,48.183530987188064,2,11.715147281180863,58.77308249427527,135.23674046476356,67.79493200356967,0.4123180021779871,60.2580581346616,0.05,0,0
459,2,0,48.56741172623664,4,8.88057922254249,59.00411061470991,125.14711955845448,67.15814932539388,0.4108114469045243,60.2580581346616,0.05,0,0
459,3,0,47.76680709041111,2,8.552644041283195,62.62757369645992,135.16717247345937,66.61013099655663,0.425586690378419,60.2580581346616,0.05,0,0
459,4,0,49.50515560882676,3,10.165688712038028,51.30182592749863,132.09985438298946,61.56944113968027,0.4407842759052032,60.2580581346616,0.05,0,0
459,5,0,48.200652140788655,2,9.18895617707975,,,,0.4253721062745718,60.2580581346616,0.05,0,0
459,6,0,48.161484722409895,3,9.646384701008454,55.24469208280417,136.6204948618253,65.62493760737435,0.4285432071748136,60.2580581346616,0.05,0,0
459,7,0,48.37061719328059,2,9.460339334412527,,,,0.4112577636122247,60.2580581346616,0.05,0,0
459,8,0,48.5745288565103,2,9.889965680388055,48.66105614918195,141.59080885353137,67.87812661702301,0.4326231788201051,60.2580581346616,0.05,0,0
459,9,0,47.92900633788176,2,11.311534473981853,53.80401943544922,135.35995935728283,68.61041140200184,0.3864396909031257,60.2580581346616,0.05,0,0
459,10,0,48.94491238838513,1,9.355694095435474,59.82347916880802,132.8018921478332,65.54535030668215,0.4052567685358312,60.2580581346616,0.05,0,0
459,11,0,48.88418705844097,2,9.168005995377888,59.85181190337837,128.65964697192268,69.00254905533423,0.4350481648445033,60.2580581346616,0.05,0,0
459,12,0,48.714081597753705,1,9.9819920982016,53.58121900180394,131.10901805826637,64.72806675412198,0.3964884587484401,60.2580581346616,0.05,0,0
459,13,0,48.73134384569089,1,10.40815464416982,,,,0.3984524462229578,60.2580581346616,0.05,0,0
459,14,0,49.08544212142003,2,8.919632019580487,51.37583013587244,123.8487087836454,66.73950250060331,0.438888547389467,60.2580581346616,0.05,0,0
459,15,0,48.09564631297842,3,10.908951301779744,58.430744064550495,122.60347720653516,67.27588513363011,0.4293622628508799,60.2580581346616,0.05,0,0
459,16,0,49.17035259342671,2,10.697236523970169,,,,0.406670791692874,60.2580581346616,0.05,0,0
459,17,0,47.198559512823365,2,9.507899286171089,,,,0.4057225793276866,60.2580581346616,0.05,0,0
459,18,1,47.8611306308339,4,5.014985537436698,54.406572853267534,118.50926757487684,64.75995590584724,0.4571248630747385,60.2580581346616,0.05,0,0
459,19,1,47.71858454317339,1,4.507143353635546,57.32116339024073,124.83809224386653,66.18524859349576,0.4065567925351869,60.2580581346616,0.05,0,0
459,20,0,68.23957508466717,12,8.862920960493593,,,,0.7891728721250709,60.2580581346616,0.05,1,0
459,21,0,47.81637625160396,0,0.0,60.469697842193895,122.83404683115458,63.68057038455502,0.4320219171924887,60.2580581346616,0.05,0,0
459,22,0,48.07379334672392,2,10.60952000705706,50.21090039664479,123.15591264606326,67.22842984336454,0.4008210499593822,60.2580581346616,0.05,0,0
459,23,0,48.89079835451155,1,10.511741674717232,55.982655198112,146.0343588482832,66.07125952232145,0.4416278567573668,60.2580581346616,0.05,0,0
459,24,0,48.59824801627365,2,9.173379792352025,48.37718914314692,126.09069731005847,67.01368196085036,0.4110538503665482,60.2580581346616,0.05,0,0
459,25,0,48.56948561860123,2,11.021202946948932,54.787297553063965,111.42132161512164,69.46190035543947,0.4375483099351988,60.2580581346616,0.05,0,0
459,26,0,49.00336906782206,1,9.63765241887535,55.27105486744888,134.8698865367647,63.74545827456439,0.4391949654755919,60.2580581346616,0.05,0,0
459,27,0,49.62005232381949,3,9.711657761934813,,,,0.4060277474558975,60.2580581346616,0.05,0,0
459,28,0,46.280495373054784,2,8.799037868667067,,,,0.4139511113236949,60.2580581346616,0.05,0,0
459,29,0,48.55179216355513,3,8.413019842903584,52.74422672520237,127.45062089053468,66.2521982005742,0.4237121055915762,60.2580581346616,0.05,0,0
459,30,0,48.39964718920553,2,10.253672678369034,61.544264461868856,137.55406618966552,67.44496871772223,0.4157538371565457,60.2580581346616,0.05,0,0
459,31,0,44.86625478366178,3,9.063243182780251,56.731133256449866,119.39949985274728,66.07821402124704,0.3658478428519484,60.2580581346616,0.05,0,0
459,32,0,46.150477480441324,3,10.329479498719078,59.13438717204584,152.1499392128206,69.41862591806047,0.4461025562401703,60.2580581346616,0.05,0,0
459,33,1,50.919013227949165,4,5.47085666472777,51.817867882402695,137.38757669366692,67.34415136860204,0.452595546904098,60.2580581346616,0.05,0,0
459,34,1,48.19697845666691,2,4.745520405703329,55.77689178143402,127.86154941064332,67.34451261936982,0.4293358651322342,60.2580581346616,0.05,0,0
459,35,0,47.09019284407329,2,7.63728618695661,57.42552002455447,134.80628637173913,70.08546979723405,0.4373957311322273,60.2580581346616,0.05,0,0
459,36,0,48.07855528447953,3,11.887755249246451,58.66000535251267,132.10534847608164,66.31900733878251,0.417660905128628,60.2580581346616,0.05,0,0
459,37,0,50.59957395992057,1,10.583844494079557,60.07006928253166,130.74147145132596,67.37109881054792,0.454605926424952,60.2580581346616,0.05,0,0
459,38,0,50.83594560302392,3,9.520735519981391,,,,0.406357952912462,60.2580581346616,0.05,0,0
459,39,0,47.02704317573065,1,8.66774367266064,61.325359239278725,136.88516973073934,68.42555489679764,0.4160444291763051,60.2580581346616,0.05,0,0
459,40,0,46.35738315381703,3,7.497833930193734,,,,0.4142249746520709,60.2580581346616,0.05,0,0
460,1,0,48.36388812076512,2,10.433769765143486,53.45774625127472,113.65549937372066,67.95553088878532,0.3728450452181969,61.122191231049655,0.05,0,0
460,2,0,48.27544291062999,4,11.145093676610564,49.52681545750795,145.4947553493346,64.30893433043762,0.4034189618545244,61.122191231049655,0.05,0,0
460,3,0,48.96092347986663,4,11.527020652448591,48.20680628959178,129.4448812292669,66.42066335802177,0.4401191263622723,61.122191231049655,0.05,0,0
460,4,0,47.52614193503025,4,9.455971517226198,54.81722689922786,120.36447490811408,66.19811413944235,0.4121248051389257,61.122191231049655,0.05,0,0
460,5,0,48.41901536398963,4,9.957240479379136,,,,0.3997702960622972,61.122191231049655,0.05,0,0
460,6,0,49.44794917034582,3,10.609614758121277,61.14307231676604,137.1011796093199,67.58990379071453,0.4396779745410213,61.122191231049655,0.05,0,0
460,7,0,48.18600125679001,1,9.824440277533688,,,,0.3969855522336592,61.122191231049655,0.05,0,0
460,8,0,49.01696892146625,1,9.544391065662817,52.9236501614927,125.26905169021096,64.2243743054431,0.4411896366850671,61.122191231049655,0.05,0,0
460,9,0,48.37897847446427,3,8.262917681919749,51.83367575250068,124.31685751070694,65.87720158049245,0.4434647540091202,61.122191231049655,0.05,0,0
460,10,0,47.57765933777049,2,10.6829973181124,52.59826554000414,134.92641452487192,65.21107562183879,0.4168154424389778,61.122191231049655,0.05,0,0
460,11,0,48.96998333085614,3,9.806744651903582,54.97614428284949,130.4859141084043,66.66801740134562,0.4467549803314032,61.122191231049655,0.05,0,0
460,12,0,49.31422828439638,3,10.022506222519237,52.52567772016384,127.37021741352048,63.68106365130881,0.4273790760648791,61.122191231049655,0.05,0,0
460,13,0,48.48297159754132,1,10.4133492382527,,,,0.4430503440013397,61.122191231049655,0.05,0,0
460,14,0,48.519307707164494,1,9.16556999535857,59.67966998181909,127.2755365556866,67.42148478122117,0.4141654362452124,61.122191231049655,0.05,0,0
460,15,0,48.22469639519192,2,11.136415316015476,51.38775711589842,110.80637622095188,65.4817782920419,0.4132112934781042,61.122191231049655,0.05,0,0
460,16,0,48.309925713988775,2,11.118756378964347,,,,0.4094368534219217,61.122191231049655,0.05,0,0
460,17,0,48.46240129363098,3,10.134008314027067,,,,0.432323957402548,61.122191231049655,0.05,0,0
460,18,1,48.62456462540175,3,4.67468730381615,56.489727677288805,142.3246094858957,67.28724331913763,0.4730656551456154,61.122191231049655,0.05,0,0
460,19,1,49.09752438776698,3,4.985979896706667,53.736475360588976,140.73375561450263,65.95309448735968,0.4622031353443105,61.122191231049655,0.05,0,0
460,20,0,67.84709984020935,11,10.370596289383744,,,,0.8110423773935779,61.122191231049655,0.05,1,0
460,21,0,48.858290544701646,0,0.0,54.206782746204624,127.71772166458956,65.09387717849833,0.4674815889990463,61.122191231049655,0.05,0,0
460,22,0,47.89867030041981,3,11.891552625758516,53.517904892218695,126.04892042338014,65.81156904125628,0.4309925362420274,61.122191231049655,0.05,0,0
460,23,0,48.27231538951952,4,9.352225401529662,50.428458935855886,130.1455083305277,65.93180940360712,0.3869084350403842,61.122191231049655,0.05,0,0
460,24,0,48.73983442369568,3,9.235914447976114,58.05204537150792,122.8659197193325,66.595469613441,0.4094395531768818,61.122191231049655,0.05,0,0
460,25,0,48.45968330717278,4,10.837468563065938,47.292672848175165,131.34444967415237,64.27984566729899,0.4598683959077037,61.122191231049655,0.05,0,0
460,26,0,49.42462300422178,4,11.765556526343635,54.45458530964739,128.22733905669537,66.38400708990974,0.4391036989642042,61.122191231049655,0.05,0,0
460,27,0,48.586051144519104,2,11.965766301796682,,,,0.3946893863439211,61.122191231049655,0.05,0,0
460,28,0,48.105128985524885,4,9.540137966477534,,,,0.4232750687646984,61.122191231049655,0.05,0,0
460,29,0,50.06288922374328,2,10.724158873910838,50.37422431648885,137.64153807389238,68.38387483524929,0.409322956666075,61.122191231049655,0.05,0,0
460,30,0,52.15944563598308,1,8.687743174809164,45.720482090577406,132.77447515381908,66.24596732074578,0.4238673313658517,61.122191231049655,0.05,0,0
460,31,0,51.47510449529752,2,10.047030633860668,50.86024089806226,127.93267372635168,63.20810178888902,0.3935674426439578,61.122191231049655,0.05,0,0
460,32,0,49.22252642473166,3,10.2963335640774,54.2790549698486,133.99985646072903,65.11945397227895,0.4126458036712431,61.122191231049655,0.05,0,0
460,33,1,48.09487073192584,2,5.054551226335076,61.95797663057843,128.577281993111,67.5201133573416,0.3980016357578819,61.122191231049655,0.05,0,0
460,34,1,48.85739729370901,1,4.999556464425457,61.96066157925548,130.0837669028092,64.5277951233773,0.4205686540172681,61.122191231049655,0.05,0,0
460,35,0,42.88412220125096,2,9.831613868964132,50.74166016672199,137.51931391575346,65.37860457424776,0.4160125104752459,61.122191231049655,0.05,0,0
460,36,0,50.071264386500594,3,11.917277330480417,49.32940636849809,133.91197990758727,66.59661203775634,0.3881428074245936,61.122191231049655,0.05,0,0
460,37,0,49.48072438162672,4,10.052403184825652,57.15297710193275,137.82404435425465,66.5848348275629,0.4306910977826376,61.122191231049655,0.05,0,0
460,38,0,48.379500922999945,2,9.545588807093132,,,,0.4194192535542279,61.122191231049655,0.05,0,0
460,39,0,51.0590775441234,2,8.650123364888671,54.49666322179408,124.92346062783578,66.22824306078176,0.4224085747941137,61.122191231049655,0.05,0,0
460,40,0,48.3207571356762,3,9.881621675921608,,,,0.4012623616047296,61.122191231049655,0.05,0,0
461,1,0,48.71879504915854,2,8.45835701136896,55.92383018232275,133.3480193952717,66.30545058819624,0.4513864494579216,60.43483864266854,0.05,0,0
461,2,0,48.39001393089954,2,9.511939234360725,55.51422997512256,132.63548404207089,66.4919665442132,0.4120115881250838,60.43483864266854,0.05,0,0
461,3,0,49.093844259920175,3,9.693840240551951,57.29966338715273,130.68989943260576,65.37094472771085,0.4225737560601617,60.43483864266854,0.05,0,0
461,4,0,48.04148841961704,4,9.193692953955807,46.172379405182895,133.8505946773987,67.01634691277226,0.446621576512377,60.43483864266854,0.05,0,0
461,5,0,47.97447681937068,2,8.43666007006209,,,,0.4120961182650178,60.43483864266854,0.05,0,0
461,6,0,48.98880962839265,3,9.917658731370244,49.48665421390377,146.4451315529533,69.29015032458763,0.44087549102666,60.43483864266854,0.05,0,0
461,7,0,46.94961856485803,1,9.247007404319628,,,,0.4221280719691586,60.43483864266854,0.05,0,0
461,8,0,49.64142747420505,2,9.58579346760838,49.22756633855438,139.58084706009535,65.29971631694532,0.4034518376155533,60.43483864266854,0.05,0,0
461,9,0,48.31154329129076,3,10.043072360033126,53.21619826595175,121.3571571497101,67.41284790905766,0.4023784120254399,60.43483864266854,0.05,0,0
461,10,0,48.74745396288529,2,8.590133041126167,53.7266003474808,133.10796001203778,68.32798354732171,0.3969245686961946,60.43483864266854,0.05,0,0
461,11,0,47.39492337883774,2,10.964834313042118,65.4146150842106,127.64764752230116,65.29834828075286,0.3733577022821517,60.43483864266854,0.05,0,0
461,12,0,47.233352947178254,2,10.19319244978739,60.16706981144468,119.09006216152316,64.19937462770211,0.3997198474015978,60.43483864266854,0.05,0,0
461,13,0,50.27153884476498,1,8.851833151494779,,,,0.4025324473395705,60.43483864266854,0.05,0,0
461,14,0,47.10804186502512,1,9.60014397072296,57.22241326195249,132.20954148947524,68.69875287847388,0.3967565728261125,60.43483864266854,0.05,0,0
461,15,0,47.19388990819208,1,11.207850580846284,51.765171595838765,123.67846117988248,65.75931817410341,0.4163330937742087,60.43483864266854,0.05,0,0
461,16,0,48.399082280086944,4,10.584744791729396,,,,0.4234007866349636,60.43483864266854,0.05,0,0
461,17,0,49.42745144225502,2,10.878855543263157,,,,0.4473590346171368,60.43483864266854,0.05,0,0
461,18,1,49.01976567672429,1,5.002489627777691,54.89395109040871,125.90819246035066,66.30008822515802,0.4572150568882013,60.43483864266854,0.05,0,0
461,19,1,49.72690985033071,2,4.721226459018464,51.36211109814707,133.27338126309593,66.57084356279691,0.4595771171290975,60.43483864266854,0.05,0,0
461,20,0,67.91555087738865,11,10.64696154244525,,,,0.8131132187798716,60.43483864266854,0.05,1,0
461,21,0,47.96077127079433,0,0.0,40.2790009825029,120.73246541285008,65.82940839254347,0.4392645423498005,60.43483864266854,0.05,0,0
461,22,0,47.34147901838156,2,10.883002962371052,55.93137830052287,123.33265812372774,65.68519426752408,0.371963190482154,60.43483864266854,0.05,0,0
461,23,0,47.74969485861881,2,9.589918596598794,58.35105123690779,132.8389072884848,67.24621067012215,0.401251327310374,60.43483864266854,0.05,0,0
461,24,0,48.51132517370299,1,8.770226006345766,53.47792245487512,129.39139351697642,63.9586826011568,0.4536321053476953,60.43483864266854,0.05,0,0
461,25,0,48.38562574241791,3,7.766460771674591,47.67773634265315,133.15387711146926,64.09743004872317,0.402948850203999,60.43483864266854,0.05,0,0
461,26,0,49.1340091836983,2,9.735731294965422,51.05857286297887,136.7638476892102,70.13054144638694,0.43740896026354,60.43483864266854,0.05,0,0
461,27,0,48.10610896648888,4,10.05637390235938,,,,0.424159055566118,60.43483864266854,0.05,0,0
461,28,0,50.95569574607175,2,10.347271268233456,,,,0.407751564855482,60.43483864266854,0.05,0,0
461,29,0,49.23408729767337,2,11.298355456513582,53.697999731742776,122.43752339353004,67.78137634017054,0.4213120417957183,60.43483864266854,0.05,0,0
461,30,0,47.20689100275356,1,7.495703140046514,57.38567017501739,138.11502412718235,67.04731145193747,0.4248295141536877,60.43483864266854,0.05,0,0
461,31,0,46.87238271991526,3,10.834740750180806,57.13238686156128,132.3833248325572,65.18881340191548,0.430479651098783,60.43483864266854,0.05,0,0
461,32,0,48.61094009658713,2,8.465175295500982,52.17162695970163,137.40921543289193,65.00630985767974,0.452348956729095,60.43483864266854,0.05,0,0
461,33,1,45.98042385555462,3,5.7693565000134335,56.11617947970503,133.1253766125832,66.53113549922399,0.4043614647747687,60.43483864266854,0.05,0,0
461,34,1,47.4286602646903,2,5.819024391694815,53.93980053701224,122.2335496236088,65.58470983690482,0.4058782134850707,60.43483864266854,0.05,0,0
461,35,0,46.22176858098448,1,10.336253420568774,58.46508085137891,127.69168354790038,68.98871782493681,0.4536928624456282,60.43483864266854,0.05,0,0
461,36,0,49.6609329343172,2,10.23538204800222,56.26800074622847,133.66812091882093,65.8249129878308,0.4033715432766977,60.43483864266854,0.05,0,0
461,37,0,49.32851100332441,2,9.634569520764172,54.68830613335776,137.45408126430715,69.51019108932387,0.4483536359760034,60.43483864266854,0.05,0,0
461,38,0,46.624921164143,4,10.392797007138942,,,,0.4045728773228426,60.43483864266854,0.05,0,0
461,39,0,48.34018228302976,2,9.77849049647869,52.805758628794806,131.053394897835,67.63432988399879,0.4341910801153262,60.43483864266854,0.05,0,0
461,40,0,49.64931801890765,2,10.748588181918096,,,,0.3853536563858155,60.43483864266854,0.05,0,0
462,1,0,47.91156012102349,4,10.059271997011695,59.36695712936929,140.75038467853693,68.9922598628244,0.4249667358123719,61.66547765708637,0.05,0,0
462,2,0,47.69750045009037,0,9.751874748784648,53.74901806541423,122.36190691168768,65.6923476662661,0.4001674260759888,61.66547765708637,0.05,0,0
462,3,0,48.38029650899529,4,9.838057090224696,47.75963175025061,140.91312119017883,66.56898953102433,0.4542510967292947,61.66547765708637,0.05,0,0
462,4,0,47.96057328081571,2,11.550115350044129,55.82651373938685,132.8098158366391,64.34686703610379,0.3827613114237276,61.66547765708637,0.05,0,0
462,5,0,47.53125771217254,2,10.253102846799116,,,,0.3889354191577313,61.66547765708637,0.05,0,0
462,6,0,47.74494604686085,1,8.777041684258567,55.33706650230488,137.4764826631571,65.34217009070015,0.4085768071358548,61.66547765708637,0.05,0,0
462,7,0,47.5876383307204,1,9.802392804112976,,,,0.4450160541309598,61.66547765708637,0.05,0,0
462,8,0,47.880928224613605,2,11.851103893482602,52.569822453973686,124.10637717789378,65.23991555449172,0.3739688302981306,61.66547765708637,0.05,0,0
462,9,0,47.21759920915938,3,11.312800556408812,52.61727295147109,118.3590248443255,65.08535168963652,0.4382822074389714,61.66547765708637,0.05,0,0
462,10,0,48.58914933469321,2,10.24833705079326,59.534804532476194,129.7775506241134,67.86487401999803,0.4788905440844063,61.66547765708637,0.05,0,0
462,11,0,48.34040091703287,4,9.85914164575212,52.807345393816405,126.1419023694642,66.20941398280243,0.409220630583758,61.66547765708637,0.05,0,0
462,12,0,48.68817544695958,2,11.471974061540612,54.67139964922173,136.55124764839374,65.95357264111402,0.4456626853344023,61.66547765708637,0.05,0,0
462,13,0,49.29863321878823,2,10.464364402250196,,,,0.4166528185141204,61.66547765708637,0.05,0,0
462,14,0,48.72366389350951,3,11.169159373648773,49.04004988019239,139.74298076948307,63.25133911905792,0.4106950031689988,61.66547765708637,0.05,0,0
462,15,0,46.63646789145936,2,8.673592421808198,54.14448066481054,138.35969190544537,68.59783469741656,0.4191911363827168,61.66547765708637,0.05,0,0
462,16,0,47.3650142311234,1,8.434178056563386,,,,0.4132887633569699,61.66547765708637,0.05,0,0
462,17,0,47.42609091146892,3,9.75473336226702,,,,0.399028346815221,61.66547765708637,0.05,0,0
462,18,1,47.71567118514978,2,4.666628697434375,58.269661513432936,136.64300343421067,66.43424499289627,0.4568338715426692,61.66547765708637,0.05,0,0
462,19,1,47.55388070693145,3,4.32415918070336,49.25644261678056,140.61536141059642,66.52442781312523,0.4450299781945752,61.66547765708637,0.05,0,0
462,20,0,68.44632836972409,13,10.560050032724508,,,,0.8213331816057261,61.66547765708637,0.05,1,0
462,21,0,49.19208021992393,0,0.0,54.77780688420923,127.15956254241894,66.15777280662459,0.4291299152876772,61.66547765708637,0.05,0,0
462,22,0,48.61987402305182,2,9.611313908437346,57.73978612303439,118.21883259469269,67.34311766499697,0.4053741551276242,61.66547765708637,0.05,0,0
462,23,0,48.13572504673823,1,9.06320644024524,48.38878012183734,131.73151176289394,64.21823326216895,0.4091407115920874,61.66547765708637,0.05,0,0
462,24,0,47.96676754427533,2,10.491640898934728,56.11432882736055,122.6068680371822,65.514896375684,0.4014555871185572,61.66547765708637,0.05,0,0
462,25,0,48.70968348361637,4,9.176985400326988,51.83912384561751,123.57318362110838,66.39633186216044,0.4044779768995793,61.66547765708637,0.05,0,0
462,26,0,46.8770774335573,3,9.16673745946268,57.16533298313728,117.43837500368184,67.1938686143928,0.4636490618888108,61.66547765708637,0.05,0,0
462,27,0,46.97216914587605,3,8.787571387539863,,,,0.4076759447093437,61.66547765708637,0.05,0,0
462,28,0,48.61057995604225,1,10.762878459173256,,,,0.3954379592763827,61.66547765708637,0.05,0,0
462,29,0,47.6153342475886,3,9.607576952080572,59.14786602572331,125.66199787769604,65.80643067830546,0.3936136841709566,61.66547765708637,0.05,0,0
462,30,0,46.806129173862985,3,11.51365429392893,52.89750854713163,128.81641223582872,66.56192146080203,0.4090142484439327,61.66547765708637,0.05,0,0
462,31,0,51.12193400556085,2,11.21098220287289,56.241102701361335,130.73903635004257,66.51452811490095,0.449602365598956,61.66547765708637,0.05,0,0
462,32,0,47.16172817533235,3,9.250211537588948,52.92383669324862,133.19467788809987,66.12976524734093,0.4112082900883586,61.66547765708637,0.05,0,0
462,33,1,46.627214625742,2,5.519726107901762,64.21791061121525,137.07952845347077,65.1526445682155,0.4651540232822696,61.66547765708637,0.05,0,0
462,34,1,45.83771442866041,3,4.963215590320875,43.0441177955228,129.98969650970474,66.06875789591446,0.4104571652491444,61.66547765708637,0.05,0,0
462,35,0,47.261990473232174,2,10.252372183087685,52.16760692080688,134.3980097424613,69.93812172269746,0.3939490072238326,61.66547765708637,0.05,0,0
462,36,0,47.63456712605145,3,11.61643569218878,59.89081087232516,129.57688342486333,67.0865127722999,0.4391050659389224,61.66547765708637,0.05,0,0
462,37,0,49.52687110335869,2,10.877262326054735,59.75673951030511,126.05689343035704,65.07653922845364,0.4446922558175362,61.66547765708637,0.05,0,0
462,38,0,50.10295162520451,1,11.552988165774746,,,,0.4229710816211076,61.66547765708637,0.05,0,0
462,39,0,47.38594908371307,2,8.899613627372013,52.9697370854799,125.89471007624648,67.2170511488631,0.3928587392817824,61.66547765708637,0.05,0,0
462,40,0,47.64377913431042,4,9.651790313103565,,,,0.4623782241302223,61.66547765708637,0.05,0,0
463,1,0,48.50396648296884,3,10.39249371348041,55.47993915012364,134.49689089493833,66.2685712678494,0.4131310166091539,61.947590558157486,0.05,0,0
463,2,0,48.460763012992814,3,10.429404601887018,53.96247572034667,118.18291689675824,65.37231882732911,0.4194345865593884,61.947590558157486,0.05,0,0
463,3,0,48.493920478245,2,10.699123491808583,65.37693306723531,133.0411852272427,64.22602007471961,0.4109620684069455,61.947590558157486,0.05,0,0
463,4,0,47.99982589479842,1,9.724125615676314,56.79388792443866,123.05021650495956,65.45594088605618,0.4403648818895798,61.947590558157486,0.05,0,0
463,5,0,49.149811938058576,2,10.699595517256837,,,,0.4165172832692357,61.947590558157486,0.05,0,0
463,6,0,48.64523540295674,2,10.236994157493235,56.90412887668757,119.6853287619674,64.26033529426172,0.4400012501513713,61.947590558157486,0.05,0,0
463,7,0,47.28465396690885,0,10.763078500084408,,,,0.3952188086554239,61.947590558157486,0.05,0,0
463,8,0,47.26459073680863,2,10.607675132235672,56.903858486367966,140.03210674660718,65.67710638990772,0.4042605696723464,61.947590558157486,0.05,0,0
463,9,0,48.533706754201376,3,9.303403222637405,58.22992715820264,137.99323634344557,66.47796524933786,0.4195894215074935,61.947590558157486,0.05,0,0
463,10,0,48.55706651838358,2,10.452732638336228,50.37802679010386,130.1102991605463,67.44431247760977,0.390926531200764,61.947590558157486,0.05,0,0
463,11,0,47.16604214444775,1,11.261781805364755,48.54003746725501,132.7047212310016,68.00531377793313,0.4080106205908561,61.947590558157486,0.05,0,0
463,12,0,49.23821330459933,3,9.236164624631886,58.99529120379569,130.26448196861517,65.52088780539111,0.4288760867191803,61.947590558157486,0.05,0,0
463,13,0,49.220653175581575,2,11.09886373242204,,,,0.4265784930783144,61.947590558157486,0.05,0,0
463,14,0,48.75851489919754,2,10.41183255187222,52.28721103908526,135.71743702526177,65.74515182834962,0.4187092983711719,61.947590558157486,0.05,0,0
463,15,0,48.94991765444279,3,9.762843762803351,55.45645483555336,131.6393502834282,63.85359226452762,0.4198626265978615,61.947590558157486,0.05,0,0
463,16,0,47.30849937639549,3,9.874363707571042,,,,0.4128295324269788,61.947590558157486,0.05,0,0
463,17,0,48.70468161698017,3,10.081023616200213,,,,0.4396926301796728,61.947590558157486,0.05,0,0
463,18,1,48.319768696832845,4,4.889465807692708,58.707571584652136,128.0233933982995,65.57816264795815,0.4036811542810906,61.947590558157486,0.05,0,0
463,19,1,49.32148363971906,1,5.39820908542479,53.07890622486076,129.8729031270415,65.48537406376927,0.4049262883672839,61.947590558157486,0.05,0,0
463,20,0,66.8751514860109,11,8.902510698035803,,,,0.8141502591634647,61.947590558157486,0.05,1,0
463,21,0,47.81216645175528,0,0.0,58.165434331927706,129.37940025301737,67.02578372319864,0.4178404006422389,61.947590558157486,0.05,0,0
463,22,0,48.97446048210123,3,10.91571983670324,60.07614093313897,119.83939973580772,65.1655411060697,0.4155141766244121,61.947590558157486,0.05,0,0
463,23,0,47.574114490549846,2,10.550062010127164,51.85907858874639,130.92779260573025,65.4541424659828,0.4364232008608645,61.947590558157486,0.05,0,0
463,24,0,47.869451419704006,4,11.20254341836756,50.91597202808237,140.936346475578,65.0557536444571,0.4695419385725355,61.947590558157486,0.05,0,0
463,25,0,49.66799077115406,2,9.069457926483102,54.52970689606868,148.48813113962515,68.3759206776771,0.4439695567815842,61.947590558157486,0.05,0,0
463,26,0,45.19938987368709,2,11.467844179272024,63.93498341769495,130.8794156535098,65.42172970255056,0.435137548654037,61.947590558157486,0.05,0,0
463,27,0,50.928078411550985,2,10.735802696776569,,,,0.4312339459418287,61.947590558157486,0.05,0,0
463,28,0,48.31625124185049,2,9.884135637393646,,,,0.4000942760747422,61.947590558157486,0.05,0,0
463,29,0,48.46615426438553,2,10.85725037450439,54.72289226019279,139.17827446093236,64.86656366602934,0.4044403986374912,61.947590558157486,0.05,0,0
463,30,0,46.47278713689573,3,10.195605493020922,49.60941933858205,129.4576680594401,65.68363250521729,0.4055237059472448,61.947590558157486,0.05,0,0
463,31,0,50.56711977275764,2,8.64295030345839,51.45661716952424,118.32379147278468,67.63122521440066,0.4474097893977934,61.947590558157486,0.05,0,0
463,32,0,50.71378660440752,2,11.570034194526688,52.69120883422703,144.7177395093759,65.9348595743629,0.411627408328834,61.947590558157486,0.05,0,0
463,33,1,52.05194007696093,3,4.601346755596356,52.89159705246463,125.11436575284534,65.96182697129773,0.4201837364339155,61.947590558157486,0.05,0,0
463,34,1,45.56321711831772,3,4.136965665929961,52.0270412844032,119.11851450738138,68.11502280782602,0.4153465146810634,61.947590558157486,0.05,0,0
463,35,0,47.9894361597222,3,9.01618679223554,54.95965170909994,118.1107320043534,67.3855984020668,0.4378226701284298,61.947590558157486,0.05,0,0
463,36,0,49.34790823653816,3,6.657102377189275,55.46888219149968,128.93937521418565,63.77906731004428,0.4306513087791734,61.947590558157486,0.05,0,0
463,37,0,50.50310624996814,2,8.1251590682225,55.74868672978973,131.04728062821673,64.67149953218221,0.4315091478242601,61.947590558157486,0.05,0,0
463,38,0,49.91398981380333,2,9.19362335804162,,,,0.433801178993095,61.947590558157486,0.05,0,0
463,39,0,47.03634841180072,3,9.854943562782712,54.82279118297152,115.44721759984915,68.32167378755452,0.4296150601709234,61.947590558157486,0.05,0,0
463,40,0,47.65998943028619,4,9.10673175724401,,,,0.4269617366478901,61.947590558157486,0.05,0,0
464,1,0,47.68800890987672,1,9.180111053920324,62.41047769930933,112.55960829977045,68.16584483866019,0.4083978021293953,61.71981233891172,0.05,0,0
464,2,0,49.29762020494717,3,9.71040938610118,63.64522284771094,128.26180047880197,66.58143840214217,0.4166691246011099,61.71981233891172,0.05,0,0
464,3,0,48.683024716951856,4,9.20175899137647,53.072421138000536,124.19941493503812,65.43399448870683,0.4318070518276541,61.71981233891172,0.05,0,0
464,4,0,48.62260331637672,4,11.430862016336947,57.01516629910263,119.5969302499384,66.46350120253508,0.4175251141794154,61.71981233891172,0.05,0,0
464,5,0,49.37492702543376,3,10.975917808884535,,,,0.4270559116463163,61.71981233891172,0.05,0,0
464,6,0,48.554376391564944,3,11.061727161375694,54.28025899649106,118.27204668449542,66.35054838396496,0.4269274464713083,61.71981233891172,0.05,0,0
464,7,0,47.90823520098142,2,9.940609242568373,,,,0.4149573595594016,61.71981233891172,0.05,0,0
464,8,0,48.08997639123735,3,9.851806136656956,58.70316240517299,138.47357651037674,67.63559939915349,0.4043159125724699,61.71981233891172,0.05,0,0
464,9,0,49.19338733068339,3,8.993786890912814,62.467503427896695,121.76567606802654,66.28870402970612,0.4209400452942596,61.71981233891172,0.05,0,0
464,10,0,47.33072791344412,3,8.931996441828307,52.11305935907741,130.49025014826017,68.23780615804715,0.4193101250480306,61.71981233891172,0.05,0,0
464,11,0,48.47076397159045,3,10.264475852189369,48.84412191123042,119.28834117421368,67.32770235390704,0.4100137248140141,61.71981233891172,0.05,0,0
464,12,0,48.59250163914746,4,10.304759528702974,54.01265109031364,134.67277714949643,67.21151165646951,0.4241019457969865,61.71981233891172,0.05,0,0
464,13,0,48.74243017479409,2,10.621357681730622,,,,0.4377071429280274,61.71981233891172,0.05,0,0
464,14,0,47.6338073864945,2,9.231650407967916,50.3272648253551,135.2534193489205,64.71195359369057,0.4180480729618689,61.71981233891172,0.05,0,0
464,15,0,48.67703033669465,2,8.8672799059715,54.47112917933853,129.07833848247807,65.61408749237117,0.4478439116704793,61.71981233891172,0.05,0,0
464,16,0,48.75674945213538,3,11.438245440493962,,,,0.4277040173524534,61.71981233891172,0.05,0,0
464,17,0,47.81315826893368,2,10.622884785556153,,,,0.4060008588164767,61.71981233891172,0.05,0,0
464,18,1,47.47711718349176,3,4.279131661583868,58.07997747932816,138.14465064775587,65.30969541298504,0.4280336847084694,61.71981233891172,0.05,0,0
464,19,1,47.71937800201293,4,4.630566966635311,58.04602474237479,133.98756629315147,67.60699712546064,0.4079560963448346,61.71981233891172,0.05,0,0
464,20,0,66.98953436372597,10,9.685545009367107,,,,0.8120523770850658,61.71981233891172,0.05,1,0
464,21,0,47.54147385860534,0,0.0,50.185465754707366,132.79676574722066,66.18520476611756,0.3945828495405041,61.71981233891172,0.05,0,0
464,22,0,48.70333800918005,3,8.001331826170665,59.51271354842581,138.2272817746272,69.52086661023748,0.4397718711869423,61.71981233891172,0.05,0,0
464,23,0,48.20869018415876,2,9.872115193624031,61.34640665708403,125.99976895422016,65.17666900399894,0.4140363896426905,61.71981233891172,0.05,0,0
464,24,0,49.02276495445145,4,10.666750913119431,52.51155406986912,146.43845545470762,65.69533212443616,0.4024669522013758,61.71981233891172,0.05,0,0
464,25,0,48.00063117059461,3,11.736310704105234,60.508603143600126,125.33247507253814,66.33302979159447,0.4132285630104898,61.71981233891172,0.05,0,0
464,26,0,46.91737534582484,1,9.707052438102366,50.83006991800711,134.547348941924,68.31812846614409,0.4394742982445732,61.71981233891172,0.05,0,0
464,27,0,48.53190357874698,2,11.122461532458976,,,,0.411060908157065,61.71981233891172,0.05,0,0
464,28,0,45.77555719089614,4,9.309602449834934,,,,0.4102380003975143,61.71981233891172,0.05,0,0
464,29,0,49.35271977202608,3,9.871048098180164,58.14985000981429,135.33811372452757,65.67390812145935,0.4390669096757341,61.71981233891172,0.05,0,0
464,30,0,51.08413540018756,1,10.160742073671416,54.402958722059175,143.710856378839,66.4992313854437,0.4420402439625299,61.71981233891172,0.05,0,0
464,31,0,47.76710902103896,2,12.004223924901948,50.57069729801812,128.7786246307548,67.72307209596637,0.4363936855835074,61.71981233891172,0.05,0,0
464,32,0,45.71758091084802,0,9.311323241160038,61.05154475451472,130.4570268952117,65.97069295792316,0.420894633072595,61.71981233891172,0.05,0,0
464,33,1,52.40297555473674,3,4.920645854360161,55.22893644273451,139.74249990555714,64.79452853365882,0.4245876019212411,61.71981233891172,0.05,0,0
464,34,1,48.412672445144814,2,5.298309815109633,59.32767046926398,139.31319649483768,67.73920064796759,0.4108019877165115,61.71981233891172,0.05,0,0
464,35,0,46.71392391846331,3,9.643889852912883,56.07348955453195,123.78871930928683,67.98379022549557,0.3983105173262417,61.71981233891172,0.05,0,0
464,36,0,52.65655488578685,1,11.348857314225056,59.08081979265323,137.3581143128446,65.58326046611084,0.3998830259269039,61.71981233891172,0.05,0,0
464,37,0,49.58795155835642,2,9.787312836899677,51.75569810657181,140.23303860010128,64.10156048850293,0.4156603348234907,61.71981233891172,0.05,0,0
464,38,0,51.32508017546361,3,8.289403330859535,,,,0.4467075303470681,61.71981233891172,0.05,0,0
464,39,0,50.27997422453698,3,11.742282334966507,55.92905611031202,127.54022257147533,68.2069934519938,0.4464726082888948,61.71981233891172,0.05,0,0
464,40,0,47.91257131801432,0,9.222118405411097,,,,0.4465522042798562,61.71981233891172,0.05,0,0
465,1,0,49.08920188005602,2,9.769862191116864,47.95597863702074,134.21861726564583,65.5160796558869,0.433602172195151,61.80328644277031,0.05,0,0
465,2,0,48.38324769943223,2,10.29794581869469,61.961387253779286,133.80851636729025,66.69517098449596,0.4182975022089421,61.80328644277031,0.05,0,0
465,3,0,47.47885076651195,3,10.095010523369131,57.758513937685066,139.64671180490367,67.94538034827818,0.4240528609302372,61.80328644277031,0.05,0,0
465,4,0,49.10074042512111,2,10.2409177628574,54.05039462596014,131.9538058057647,67.76186346763784,0.4324998165534747,61.80328644277031,0.05,0,0
465,5,0,47.874439943487495,4,9.940704138896336,,,,0.4120153711625016,61.80328644277031,0.05,0,0
465,6,0,48.78863437285641,4,9.883384700197066,59.09930099247088,126.72219874847012,66.94582024258925,0.4320822445282435,61.80328644277031,0.05,0,0
465,7,0,48.47822578475471,2,10.405094247433777,,,,0.4371233473200988,61.80328644277031,0.05,0,0
465,8,0,47.0722253569189,4,9.869462355914573,62.40637244019171,126.16863383938478,67.37249678978228,0.3888648414293682,61.80328644277031,0.05,0,0
465,9,0,49.3357353417948,2,9.717693952731569,55.959942261520126,129.24084367511242,65.73138169979296,0.4300989005021816,61.80328644277031,0.05,0,0
465,10,0,48.6724701476403,3,10.067281996508544,58.236161636090685,133.83846517375818,69.92361018459573,0.4459716743293886,61.80328644277031,0.05,0,0
465,11,0,47.98690384241097,2,10.336185268438554,58.67702025261239,139.47879139736176,65.07107808074568,0.3954735460883203,61.80328644277031,0.05,0,0
465,12,0,48.56022594278068,5,11.252725236234678,49.83607140586956,143.22684670629562,67.54617347304111,0.4302710353929274,61.80328644277031,0.05,0,0
465,13,0,47.45652362546811,2,11.839364416677824,,,,0.4227279423372668,61.80328644277031,0.05,0,0
465,14,0,48.38194428566079,4,8.289849076172054,53.25371810323913,134.31551008942247,70.85821583131991,0.4230450788372248,61.80328644277031,0.05,0,0
465,15,0,47.94756443923527,3,9.862452595764218,54.48160385619045,129.5621717911956,67.00264719746365,0.4397761443292073,61.80328644277031,0.05,0,0
465,16,0,48.6493311190785,2,9.159926724340195,,,,0.39657879878325,61.80328644277031,0.05,0,0
465,17,0,47.960228986912206,2,11.354222050549126,,,,0.3883664770041015,61.80328644277031,0.05,0,0
465,18,1,48.352083655117454,2,4.6056752222335176,55.82354077098054,124.29487357613375,64.29076361034248,0.4317651422413073,61.80328644277031,0.05,0,0
465,19,1,48.52905424258215,3,5.036004528341104,55.182686825695725,128.42267921503043,69.18796103179822,0.4259933734796485,61.80328644277031,0.05,0,0
465,20,0,68.43738018939491,11,10.031484864293056,,,,0.7701194555391282,61.80328644277031,0.05,1,0
465,21,0,48.2659441162684,0,0.0,54.41302758686233,125.12512952985324,67.42529385271439,0.4149836373036355,61.80328644277031,0.05,0,0
465,22,0,47.881182237610886,5,10.964967687761364,55.096143602791685,137.68985624262675,67.20612691650656,0.4450772064334271,61.80328644277031,0.05,0,0
465,23,0,48.89415247565923,3,10.251729664354745,54.65837883887826,129.30640338041647,65.24180060017154,0.4350726636956164,61.80328644277031,0.05,0,0
465,24,0,47.95459480170342,2,10.932394328863412,54.9069411828666,138.7903787879578,65.74912300458284,0.3801985995119049,61.80328644277031,0.05,0,0
465,25,0,48.68025233986416,5,10.439931638257637,48.14999050592788,133.528495220895,66.43893954675654,0.4154299104934671,61.80328644277031,0.05,0,0
465,26,0,48.32666880025137,3,10.630787318214288,55.25383794476463,128.31352726208766,68.94974989688883,0.4213333617134874,61.80328644277031,0.05,0,0
465,27,0,46.16724565049129,2,11.598919637533978,,,,0.428946525569051,61.80328644277031,0.05,0,0
465,28,0,47.51065154932891,2,10.269112466928078,,,,0.4447443946376681,61.80328644277031,0.05,0,0
465,29,0,48.8994655348056,2,11.075771633560745,52.316164383335945,128.20992704083176,67.058076232682,0.403048224709067,61.80328644277031,0.05,0,0
465,30,0,47.70959197378927,3,8.891090837147397,55.721025388444886,133.42052841205347,67.09243606520415,0.4099421115795948,61.80328644277031,0.05,0,0
465,31,0,44.63476465207094,2,8.141943644717594,61.97201177774859,126.8947847767396,67.47169989092157,0.4294279482126706,61.80328644277031,0.05,0,0
465,32,0,47.057823085303646,2,10.34073663777833,55.13150212565464,131.9548065419827,66.77470746439326,0.4283810335193709,61.80328644277031,0.05,0,0
465,33,1,43.94001655742246,3,5.573473507416189,56.78206703316515,116.41656983183611,64.1814741349974,0.3808636544074837,61.80328644277031,0.05,0,0
465,34,1,50.575817490545525,1,5.248453203079227,60.16018380465747,140.9715910134866,67.13756136094105,0.4570758309825027,61.80328644277031,0.05,0,0
465,35,0,45.4394250615114,1,11.476426899024515,57.12369779055408,127.80302725747264,67.11094058263488,0.3741460057430554,61.80328644277031,0.05,0,0
465,36,0,50.82874522584075,3,8.546607125866645,57.95249102749781,113.79732390613616,64.79236121658936,0.4104383373383427,61.80328644277031,0.05,0,0
465,37,0,49.33039365949467,1,9.280055863881303,50.363504337534565,130.904849569196,68.1891233657641,0.4110449955222978,61.80328644277031,0.05,0,0
465,38,0,49.35641082000176,2,12.086724209892669,,,,0.4151360809460823,61.80328644277031,0.05,0,0
465,39,0,46.35497055252368,2,10.537406910783606,53.8511364351906,117.69474468698596,65.36947704485326,0.4042818795522967,61.80328644277031,0.05,0,0
465,40,0,48.876553465386806,2,10.307378507973556,,,,0.4303009240790798,61.80328644277031,0.05,0,0
466,1,0,48.34941597975924,4,9.025132083188064,58.49056453121573,146.72872613105707,69.90263795044744,0.4237285275805026,61.29488443200592,0.05,0,0
466,2,0,48.99380387167802,2,10.877001816886663,56.73127823862353,135.3530803460519,65.79192049970273,0.3942867815260276,61.29488443200592,0.05,0,0
466,3,0,48.44441588720313,2,9.48971156022342,57.06299396568045,131.6131355167662,68.56548086356821,0.4383260908549549,61.29488443200592,0.05,0,0
466,4,0,47.99592527854449,2,8.058884943556944,48.67119339045511,143.06313029189693,66.60204216043803,0.4213820758101669,61.29488443200592,0.05,0,0
466,5,0,49.59210078305681,1,9.65193798096204,,,,0.4391992712259008,61.29488443200592,0.05,0,0
466,6,0,47.853561712610514,2,8.626432146521948,48.07881616084087,133.6377140100071,67.41175456045916,0.4030875834073676,61.29488443200592,0.05,0,0
466,7,0,48.69588135632935,2,9.478830942363944,,,,0.4319343777288255,61.29488443200592,0.05,0,0
466,8,0,47.42098461416687,3,10.939178104275022,54.99561967874606,126.6005007708151,67.81649805663142,0.3943030219385289,61.29488443200592,0.05,0,0
466,9,0,47.97730685723097,2,10.174396660339433,48.04239885616334,134.2628670940141,66.21158830756235,0.4327640088643758,61.29488443200592,0.05,0,0
466,10,0,48.06590855716867,4,11.56923744022015,53.81497804175727,129.27756931756156,66.510729826106,0.4376950557526929,61.29488443200592,0.05,0,0
466,11,0,49.286849274059534,1,8.829716452729429,58.21126620707198,138.99770185207433,66.99998716757864,0.4332634810213022,61.29488443200592,0.05,0,0
466,12,0,48.98580012956235,2,9.924392918242424,54.86956025563664,128.3071884520374,67.44197508506646,0.4586762495384087,61.29488443200592,0.05,0,0
466,13,0,47.784729448655405,3,10.32708131191862,,,,0.3812312805394581,61.29488443200592,0.05,0,0
466,14,0,48.60969246821536,3,12.03806067083154,59.06028783936359,133.84949057608534,67.55904408516867,0.4143003017988416,61.29488443200592,0.05,0,0
466,15,0,48.37780233999413,3,9.57639953105832,52.20208430089739,130.60766731045285,65.25491150167079,0.3955688425188792,61.29488443200592,0.05,0,0
466,16,0,47.77690988592992,0,10.821552030049688,,,,0.4006842158442458,61.29488443200592,0.05,0,0
466,17,0,47.89022196935306,2,8.449853170903612,,,,0.4051818980570788,61.29488443200592,0.05,0,0
466,18,1,47.682598863392734,1,5.321862231428407,54.39224994055543,117.44627032556946,65.63754627208098,0.4274217824302838,61.29488443200592,0.05,0,0
466,19,1,48.18156530617208,3,4.424546399741672,56.75106389537184,121.44055966636364,66.6367630555668,0.417514963073122,61.29488443200592,0.05,0,0
466,20,0,69.01691725275371,10,9.88785837166457,,,,0.828233124219101,61.29488443200592,0.05,1,0
466,21,0,48.13459597784434,0,0.0,55.64581433276086,127.04720344669094,65.42930063404447,0.4297368287367754,61.29488443200592,0.05,0,0
466,22,0,47.951669487539895,2,9.964780891559322,54.13520510209344,131.6861607888442,67.57972573217722,0.4373406182613229,61.29488443200592,0.05,0,0
466,23,0,47.77315730741663,3,7.360760522246853,51.15454190147413,137.6309279840501,66.11671017363693,0.4263860572327875,61.29488443200592,0.05,0,0
466,24,0,47.12248734281129,2,8.91258268884681,53.39829561860947,123.803338014565,64.50986668490529,0.4229166419843435,61.29488443200592,0.05,0,0
466,25,0,48.50845103252565,3,8.850891502968306,52.94454393338172,128.45484522515358,68.85889106871856,0.3868483221896014,61.29488443200592,0.05,0,0
466,26,0,47.10138141666039,2,9.60571664771326,63.79492206299138,113.1794173869216,67.80350358685916,0.4349415408722503,61.29488443200592,0.05,0,0
466,27,0,49.52053956067426,1,9.95583082284497,,,,0.4208218168786161,61.29488443200592,0.05,0,0
466,28,0,47.81083764406474,2,9.878933345124375,,,,0.4372487079782698,61.29488443200592,0.05,0,0
466,29,0,48.016979368077976,3,10.789413411030774,57.69482426870999,138.02147703226927,66.01534245566516,0.3983542107205412,61.29488443200592,0.05,0,0
466,30,0,52.12852831900965,1,9.632218164011196,54.1324729734893,128.28252453883337,66.20387569746065,0.459512074135714,61.29488443200592,0.05,0,0
466,31,0,45.59637472080936,3,9.61034929022578,57.38135685258355,139.602348963311,65.18159681521355,0.4269363727233205,61.29488443200592,0.05,0,0
466,32,0,48.94620206676207,1,9.529112935553275,56.52026926537562,146.31837016043255,67.76401668529061,0.4144245097817465,61.29488443200592,0.05,0,0
466,33,1,48.17016558945167,1,4.003552431357049,58.4059645486648,128.60068034141963,66.37011002384345,0.4380707019228733,61.29488443200592,0.05,0,0
466,34,1,47.30877411261688,4,5.496066016790348,53.78745360044553,140.70501715725663,66.39687594986182,0.4037339728860483,61.29488443200592,0.05,0,0
466,35,0,50.2155146246568,2,7.4783658371432,53.0808143200871,134.29005455231862,67.78735857087183,0.4407065184919991,61.29488443200592,0.05,0,0
466,36,0,48.5485380387689,1,10.933196691662303,53.85102876615149,139.86550759933604,67.02128239981732,0.3852389338399226,61.29488443200592,0.05,0,0
466,37,0,45.66550544845481,3,11.255306479611855,62.83484459809599,138.0617168828711,66.79785651545755,0.4219609155391955,61.29488443200592,0.05,0,0
466,38,0,47.08296087947112,3,8.636891058144874,,,,0.400973412689554,61.29488443200592,0.05,0,0
466,39,0,49.33742804035486,1,10.50227942721878,58.21493926846017,141.31967678187308,67.12708932884938,0.4368098157884388,61.29488443200592,0.05,0,0
466,40,0,46.816919476169154,3,8.141802624320128,,,,0.4089702627317433,61.29488443200592,0.05,0,0
467,1,0,48.801119441477184,3,9.455591377048338,47.05789212659302,138.81605302007088,63.57692241374211,0.3952187681497393,61.97292668223806,0.05,0,0
467,2,0,48.703643731759264,4,10.377291806342816,53.37829982501416,152.82742590135595,68.29484751961142,0.4227399466630084,61.97292668223806,0.05,0,0
467,3,0,47.731768181565045,4,9.071685032561476,51.27101294741492,132.4009510784764,65.23066273958416,0.4229086832721855,61.97292668223806,0.05,0,0
467,4,0,47.850037406013705,3,8.784694737604717,53.70868100619385,151.40329743020135,69.30554412363846,0.4556820947943212,61.97292668223806,0.05,0,0
467,5,0,47.72085710290268,3,9.44579840485654,,,,0.3992374057075347,61.97292668223806,0.05,0,0
467,6,0,48.45888096319594,2,10.660861724446784,59.40608389723067,138.09779376654572,68.35689168733818,0.3827074257062374,61.97292668223806,0.05,0,0
467,7,0,48.66730788638831,3,10.02745256701607,,,,0.4241772658560715,61.97292668223806,0.05,0,0
467,8,0,47.95820281684185,3,10.695004747805722,49.48045603373954,119.94112468620408,66.91201944570591,0.4181718649126416,61.97292668223806,0.05,0,0
467,9,0,47.90380049230172,4,10.41759136497638,47.572022163169535,125.3840886769714,66.63028529672384,0.4230196489301713,61.97292668223806,0.05,0,0
467,10,0,48.38049104643716,1,9.752436962618027,58.64334810319286,134.7254355635813,67.42568104886183,0.4438711002214621,61.97292668223806,0.05,0,0
467,11,0,47.94796527184162,2,8.028892929958495,58.29544426125593,130.30989431167438,66.29766361931995,0.4212170266265533,61.97292668223806,0.05,0,0
467,12,0,48.46795683613017,0,9.380829797607651,57.400687876809,112.54890925388862,66.21852792471051,0.4166126911379149,61.97292668223806,0.05,0,0
467,13,0,48.69991903229224,2,7.878481199304132,,,,0.4131568178372363,61.97292668223806,0.05,0,0
467,14,0,47.70738086233889,4,11.443668730652869,53.443180294879056,144.3356769045863,66.57138364991066,0.4023118351106012,61.97292668223806,0.05,0,0
467,15,0,50.07556367321972,4,10.73333928759114,54.352264119279006,128.70219077552872,65.30349749049743,0.4430041195500986,61.97292668223806,0.05,0,0
467,16,0,47.41545798529845,2,8.702886312408243,,,,0.4108751277848765,61.97292668223806,0.05,0,0
467,17,0,47.99962093522132,4,9.408722943361866,,,,0.4223488793587309,61.97292668223806,0.05,0,0
467,18,1,48.91630989648755,3,5.338845893361972,59.09814804510184,134.99982764724322,68.85252309826657,0.4764150752327162,61.97292668223806,0.05,0,0
467,19,1,48.48980347684443,1,4.969943681525715,55.58119362063509,128.3953680682525,65.53671908863355,0.4038785914134452,61.97292668223806,0.05,0,0
467,20,0,67.97268087268043,14,9.865641129095,,,,0.8622924014095924,61.97292668223806,0.05,1,0
467,21,0,47.85564386137795,0,0.0,50.34545217899858,129.29439607076466,66.65142798662602,0.4163191797632212,61.97292668223806,0.05,0,0
467,22,0,48.41534143845163,4,9.891966476305171,54.01504544272983,114.26401275743277,66.59202431027683,0.4438806935151849,61.97292668223806,0.05,0,0
467,23,0,49.89035570636282,2,10.516245942591018,58.548062998291584,120.19601651303432,66.71824765722027,0.4478266929973829,61.97292668223806,0.05,0,0
467,24,0,49.10509798097214,4,9.576712260110789,51.32556818827327,132.05635933867174,68.8117268003364,0.4229588245620049,61.97292668223806,0.05,0,0
467,25,0,49.03753768651456,3,11.550476073116773,57.8376206672638,133.50483812037268,69.5907147338359,0.4429803993537996,61.97292668223806,0.05,0,0
467,26,0,47.8799992902225,3,9.186739920200814,53.25644054933719,122.74906117265049,66.85819989478877,0.4050150600175314,61.97292668223806,0.05,0,0
467,27,0,49.32657137737893,0,10.70164583408228,,,,0.4525605840887001,61.97292668223806,0.05,0,0
467,28,0,48.972748559843325,2,10.580942931227169,,,,0.4040208116519237,61.97292668223806,0.05,0,0
467,29,0,48.28573225104336,2,9.92350277507566,56.990649095646674,137.1270374774532,66.84186576759654,0.4128024904409501,61.97292668223806,0.05,0,0
467,30,0,49.11789055926055,3,9.35768737429739,50.530731000397296,122.14443251593212,67.90865411710536,0.4374379438763173,61.97292668223806,0.05,0,0
467,31,0,50.70922111008193,3,10.952006796615551,59.714427542862325,129.63380799079798,65.302411315387,0.420606897215636,61.97292668223806,0.05,0,0
467,32,0,45.17076166018772,2,11.05408289787238,58.42899476506822,125.76816560964016,68.66877040102354,0.3973729276482793,61.97292668223806,0.05,0,0
467,33,1,48.40619851104139,4,5.168590659217344,58.04754863998265,135.98716129629244,69.5171910318706,0.4256431243335782,61.97292668223806,0.05,0,0
467,34,1,48.3950961624828,2,4.491677404974743,58.080353232143736,128.5347294464233,67.80772099290724,0.431788543411137,61.97292668223806,0.05,0,0
467,35,0,50.550349150063184,4,10.425631896279697,60.92053932210256,131.8291051167073,69.20636793869512,0.4431144561386826,61.97292668223806,0.05,0,0
467,36,0,47.610200920487806,2,10.941169921207198,48.82792680412856,145.26155310040042,68.96460732148351,0.3872754033374593,61.97292668223806,0.05,0,0
467,37,0,47.97864860181034,1,10.710320757617492,55.19350696967373,117.703465830605,68.00352098186342,0.4429270784315323,61.97292668223806,0.05,0,0
467,38,0,49.64301412501596,1,11.379469770138526,,,,0.4456259143174351,61.97292668223806,0.05,0,0
467,39,0,49.39752942429841,3,9.310031636923858,50.41984315226088,125.38942264435848,65.60055334858721,0.3980454808751749,61.97292668223806,0.05,0,0
467,40,0,46.51407895070233,4,11.00842406940152,,,,0.435254447091018,61.97292668223806,0.05,0,0
468,1,0,48.672521575764094,2,9.835910695640486,48.667452471101306,119.56744985588074,64.10750874724799,0.4236250936789354,62.42472248440172,0.05,0,0
468,2,0,48.20853244341047,3,8.546200525603982,55.549420084227286,143.25697109526678,67.08616338183181,0.4341935201032644,62.42472248440172,0.05,0,0
468,3,0,49.80571895406288,3,9.759416332393725,58.90557907159344,143.6564981581533,66.64079269132316,0.4242531547982669,62.42472248440172,0.05,0,0
468,4,0,48.19915421480686,2,8.765692324939819,57.07256187630433,131.70878127358353,66.58509848305698,0.4220461249994746,62.42472248440172,0.05,0,0
468,5,0,48.32623575800464,1,9.187042459004552,,,,0.448120548807178,62.42472248440172,0.05,0,0
468,6,0,48.270104715389806,2,9.675026493096931,50.12337766806909,132.13319838323483,65.29261038980117,0.4415624006783707,62.42472248440172,0.05,0,0
468,7,0,48.66594832901969,4,7.191675218982415,,,,0.402416161080406,62.42472248440172,0.05,0,0
468,8,0,48.391605973084594,3,10.811118100539758,51.881652925003095,130.13447500479342,66.61444824859608,0.4128375234615188,62.42472248440172,0.05,0,0
468,9,0,48.48994759947304,1,8.69847032571351,50.11145850290855,127.53538480778838,70.35370062968741,0.4401896282434151,62.42472248440172,0.05,0,0
468,10,0,48.75852709938541,2,10.431907575642496,55.96155736800242,126.67411331546442,64.45675469386957,0.4253680803499783,62.42472248440172,0.05,0,0
468,11,0,48.11181883090834,2,11.745321045232693,54.15362227416794,139.3760755699959,67.54543521195228,0.409467955588145,62.42472248440172,0.05,0,0
468,12,0,48.51265558631755,2,11.298190681061415,60.111032228064005,124.24227580774811,67.944784495102,0.4316842121089599,62.42472248440172,0.05,0,0
468,13,0,48.32478056686034,2,8.860399758772976,,,,0.4104233152566904,62.42472248440172,0.05,0,0
468,14,0,48.95287984579473,2,10.213354706973584,49.73458471631479,124.50067702108022,63.826636716756845,0.4313447436836151,62.42472248440172,0.05,0,0
468,15,0,48.12185944128358,3,10.0322450771853,58.776449381075125,137.07074211414445,66.05836060840015,0.4167883478794393,62.42472248440172,0.05,0,0
468,16,0,48.40663752782282,1,10.555933520783698,,,,0.4649878765158764,62.42472248440172,0.05,0,0
468,17,0,48.309253084723736,3,9.368112028464184,,,,0.4117321730596691,62.42472248440172,0.05,0,0
468,18,1,47.60222389780486,2,5.132921587706357,53.84875034740222,121.87308540157214,70.00859568311579,0.3977982820042656,62.42472248440172,0.05,0,0
468,19,1,47.48157390497908,3,5.707392148632969,49.65414258076032,128.01052633692285,66.23249248015497,0.4301228474394458,62.42472248440172,0.05,0,0
468,20,0,68.41459244819731,13,9.746000840604204,,,,0.8345101072969424,62.42472248440172,0.05,1,0
468,21,0,48.89385878175625,0,0.0,47.66997560548647,130.75129468040734,66.77596169037473,0.4164728647496535,62.42472248440172,0.05,0,0
468,22,0,48.86249679826226,3,8.065772255778262,59.647166298649694,115.79187696126958,67.10165885604945,0.4306622230532555,62.42472248440172,0.05,0,0
468,23,0,47.74440080819842,2,9.05089648355905,50.51467507585562,136.78999732993026,64.41651542422215,0.4291872246257373,62.42472248440172,0.05,0,0
468,24,0,48.26297590940442,3,8.889280013632437,61.35127188026888,139.48824416662842,63.93086928808316,0.4032952579936904,62.42472248440172,0.05,0,0
468,25,0,49.268901631775,1,9.663246712669856,56.56707867558279,129.11244282854094,65.50501893648836,0.4373080257956918,62.42472248440172,0.05,0,0
468,26,0,48.4809401586276,3,10.635980072031272,55.75128555993304,137.71071689459205,69.07187618748928,0.4049233601095039,62.42472248440172,0.05,0,0
468,27,0,47.92390376378047,0,11.156027307834512,,,,0.4613119232840676,62.42472248440172,0.05,0,0
468,28,0,49.20401644713438,4,9.227198613226763,,,,0.4122830074120568,62.42472248440172,0.05,0,0
468,29,0,49.61977519836855,3,11.67743516051764,58.63985051551736,129.9333031686894,68.20581907389209,0.4356454362894437,62.42472248440172,0.05,0,0
468,30,0,47.13242076803838,2,11.65784849101554,60.03791900670621,147.63213414602188,65.90206044608985,0.4251010858253476,62.42472248440172,0.05,0,0
468,31,0,51.26765525062502,2,9.240799650166691,62.21755234428844,125.77335473638878,64.95758451563525,0.4676211906369879,62.42472248440172,0.05,0,0
468,32,0,47.79268253823599,1,10.545941008305482,58.66614087575402,135.45833557788652,66.49363834885968,0.4031628761960606,62.42472248440172,0.05,0,0
468,33,1,50.12929222355971,3,4.9537523383048425,53.23500221411067,125.04291273975414,67.3059082000534,0.4274923865996615,62.42472248440172,0.05,0,0
468,34,1,48.81900283208029,3,5.6165461715365534,53.22891845605452,136.1737702087417,66.48187991849696,0.4304043406876284,62.42472248440172,0.05,0,0
468,35,0,48.30757265842824,3,10.260478767784097,56.72059482039216,125.59891481208912,66.6232409338074,0.4334685370584991,62.42472248440172,0.05,0,0
468,36,0,46.6923896910392,4,8.83230760775995,59.91533449267525,138.67128698848782,67.83008154138666,0.3960242740249536,62.42472248440172,0.05,0,0
468,37,0,46.06345042748356,3,9.964108972726343,53.41792064267512,134.70507745400744,67.50340007630683,0.4133806696840276,62.42472248440172,0.05,0,0
468,38,0,49.75099908492584,3,8.434627604166094,,,,0.415400369880711,62.42472248440172,0.05,0,0
468,39,0,48.06689357965201,4,9.074348930614471,52.273070940093255,133.7824100623656,67.9521372507427,0.4256848217947729,62.42472248440172,0.05,0,0
468,40,0,51.39133818647231,3,10.215521081013597,,,,0.4371282767038449,62.42472248440172,0.05,0,0
469,1,0,49.20711058012992,3,8.302833892985294,58.55659043227468,142.68066116365168,65.9239758377243,0.3920906895798215,61.577470216766535,0.05,0,0
469,2,0,48.88122810608856,4,10.12020682319504,62.33669181858066,129.03792097599387,64.31743266446507,0.4182429281596181,61.577470216766535,0.05,0,0
469,3,0,48.88203893371077,4,9.58881882099757,49.51106837989919,121.62539771461364,68.22186297754482,0.4203501355665116,61.577470216766535,0.05,0,0
469,4,0,48.41939812299205,3,8.594493444663092,59.090059593743646,130.65436586243163,64.54808565579428,0.4035401291579154,61.577470216766535,0.05,0,0
469,5,0,47.83889011675415,4,10.359058556193547,,,,0.4221933771156424,61.577470216766535,0.05,0,0
469,6,0,47.86581012841499,0,12.378823486669669,50.99037471622484,126.6029116774044,65.77710962661077,0.4003843160779939,61.577470216766535,0.05,0,0
469,7,0,47.74470359646233,3,9.60328377168711,,,,0.4441425454143115,61.577470216766535,0.05,0,0
469,8,0,47.72414217903607,4,9.830673776802596,50.772183122244826,127.40916471574135,68.07762474413005,0.4579134043765834,61.577470216766535,0.05,0,0
469,9,0,48.57126673588898,2,9.583878718954471,44.94117688788643,128.9912935414892,66.38909480123706,0.4006079124726145,61.577470216766535,0.05,0,0
469,10,0,48.01971563966757,1,10.69279785746925,56.01934171336723,120.8293843476699,65.89794591496758,0.4041936036906352,61.577470216766535,0.05,0,0
469,11,0,47.251223849647104,0,9.335637214124176,54.00790024987362,135.24983060665124,69.69106540909178,0.4017775523681249,61.577470216766535,0.05,0,0
469,12,0,48.897955130783295,3,9.172667835360627,57.62132464914519,129.7887483697578,69.0330224823285,0.4051763356901225,61.577470216766535,0.05,0,0
469,13,0,47.21495229956069,2,8.954307966443244,,,,0.4079467519998734,61.577470216766535,0.05,0,0
469,14,0,48.43936178775834,2,8.619570579336203,49.67180018728614,150.2813408013251,66.45560199736788,0.4138741037570483,61.577470216766535,0.05,0,0
469,15,0,48.707133081331854,6,9.48372993707505,50.50390598912779,130.75758104327653,68.25975530380187,0.4478130326935586,61.577470216766535,0.05,0,0
469,16,0,47.87953102100039,5,8.960319708501796,,,,0.4299773213689798,61.577470216766535,0.05,0,0
469,17,0,48.80517041450746,3,11.435514579656646,,,,0.426833744220642,61.577470216766535,0.05,0,0
469,18,1,48.665913659163856,2,3.8885480057105575,57.209436514746486,132.95825225451694,68.79495300373084,0.4545759179585266,61.577470216766535,0.05,0,0
469,19,1,48.299745901474594,2,5.552695245558427,51.7980263395288,123.73631551473514,68.29434809036088,0.4648810964279432,61.577470216766535,0.05,0,0
469,20,0,69.70692136830367,13,9.557963428510444,,,,0.8494866947120826,61.577470216766535,0.05,1,0
469,21,0,48.14479428918468,0,0.0,51.42335519077776,125.45871917678704,64.72900978494728,0.4478609519043723,61.577470216766535,0.05,0,0
469,22,0,48.68443954015376,3,11.914337587399952,49.83557209609143,135.9821554431448,65.11937474396886,0.4436758755899236,61.577470216766535,0.05,0,0
469,23,0,47.15787663081502,3,11.452823625443044,59.031256110314295,119.93817304953592,68.47976084134376,0.4250428738309679,61.577470216766535,0.05,0,0
469,24,0,48.23340002659816,3,9.432882862533308,52.5631110736057,131.78638340506592,64.64639137648824,0.4379165193844866,61.577470216766535,0.05,0,0
469,25,0,48.666691840610994,2,9.194880191133612,54.01379754683097,130.10074580532574,66.72945900214383,0.4487405864018455,61.577470216766535,0.05,0,0
469,26,0,49.15663501127467,4,10.705240632546008,52.06032693688232,139.624634446378,66.60241163196866,0.4160884359493686,61.577470216766535,0.05,0,0
469,27,0,48.712281977526864,3,10.524780549368332,,,,0.4242257940092735,61.577470216766535,0.05,0,0
469,28,0,46.845812130592456,3,10.707610931510809,,,,0.4350207273810611,61.577470216766535,0.05,0,0
469,29,0,48.835960671879214,3,10.17871900943876,53.30115853738164,134.90947002552213,65.07850352414326,0.4314930759369082,61.577470216766535,0.05,0,0
469,30,0,50.76592092274701,1,8.885613420016268,54.33929226209646,131.9442263552708,65.71257272922027,0.4371798695689086,61.577470216766535,0.05,0,0
469,31,0,49.24206180624296,3,9.610815791597274,57.05475365917514,136.64399438865803,67.3988427307245,0.3906591390777371,61.577470216766535,0.05,0,0
469,32,0,45.98743448671648,3,9.61973978164852,55.57753335834388,112.15145112156596,68.66607630915429,0.4393468333311418,61.577470216766535,0.05,0,0
469,33,1,47.052925258903365,4,5.326230944959732,51.35204479895099,142.16328567190715,67.30631068487665,0.4123982349293909,61.577470216766535,0.05,0,0
469,34,1,49.67789942395154,3,4.039345000286011,44.38281954712266,127.32043462846606,68.15390591235976,0.4225306481216914,61.577470216766535,0.05,0,0
469,35,0,51.25120829402964,3,9.077081223040144,60.70559684231003,134.81900815623845,67.06886118956353,0.4105501534339683,61.577470216766535,0.05,0,0
469,36,0,48.85141769749757,3,10.8340747290914,57.101227716085134,128.8125415111725,68.02827937090323,0.4434957462672373,61.577470216766535,0.05,0,0
469,37,0,49.11484046328124,4,10.79422143430077,48.638613633411865,128.1113564900906,65.38021201906685,0.4051571417138101,61.577470216766535,0.05,0,0
469,38,0,47.3767426224346,2,9.788346831046676,,,,0.4121128874470077,61.577470216766535,0.05,0,0
469,39,0,47.028737581738255,1,9.41149168155233,55.29181659261342,124.21469442000664,66.95828008064882,0.4330262820823901,61.577470216766535,0.05,0,0
469,40,0,44.6361316791368,4,10.141011092301524,,,,0.4632543852831379,61.577470216766535,0.05,0,0
